transaction_id,customer_id,item_id,quantity,unit_price,transaction_date,transaction_time,is_weekday
1,1,1,1,4.99,06/01/2023,3:13:09,TRUE
2,1,13,1,4.99,07/01/2023,4:34:24,FALSE
2,1,35,1,0.99,07/01/2023,2:18:22,FALSE
3,1,5,1,5.99,03/02/2023,2:21:49,TRUE
4,1,22,1,4.99,10/03/2023,10:01:49,TRUE
5,1,6,1,6.99,03/04/2023,4:13:28,TRUE
6,1,24,1,6.99,12/04/2023,10:55:44,TRUE
7,1,24,1,6.99,01/05/2023,12:18:24,TRUE
7,1,27,1,0.99,01/05/2023,21:09:56,TRUE
8,1,17,1,5.99,04/05/2023,16:46:39,TRUE
8,1,30,1,0.99,04/05/2023,22:30:32,TRUE
9,1,4,1,4.99,08/05/2023,0:32:33,TRUE
10,1,24,1,6.99,15/05/2023,20:12:36,TRUE
10,1,25,1,0.99,15/05/2023,7:09:31,TRUE
11,1,2,1,5.99,16/05/2023,13:59:13,TRUE
11,1,33,1,0.99,16/05/2023,8:48:59,TRUE
12,1,9,1,6.99,16/06/2023,21:51:59,TRUE
13,2,5,1,5.99,02/01/2023,0:20:35,TRUE
14,2,6,1,6.99,11/01/2023,10:12:56,TRUE
15,2,1,1,4.99,19/01/2023,15:37:04,TRUE
15,2,34,1,0.99,19/01/2023,5:46:26,TRUE
16,2,24,1,6.99,24/01/2023,12:27:05,TRUE
16,2,25,1,0.99,24/01/2023,9:52:03,TRUE
17,2,14,1,5.99,27/01/2023,21:10:45,TRUE
17,2,25,1,0.99,27/01/2023,12:28:16,TRUE
18,2,3,1,6.99,01/02/2023,19:19:16,TRUE
19,2,10,1,4.99,07/02/2023,5:51:12,TRUE
20,2,24,1,6.99,08/02/2023,7:04:23,TRUE
21,2,1,1,4.99,16/02/2023,8:03:06,TRUE
21,2,34,1,0.99,16/02/2023,11:34:15,TRUE
22,2,10,1,4.99,06/03/2023,11:31:23,TRUE
23,2,14,1,5.99,08/03/2023,4:40:34,TRUE
23,2,30,1,0.99,08/03/2023,13:57:50,TRUE
24,2,18,1,6.99,15/03/2023,2:49:46,TRUE
24,2,25,1,0.99,15/03/2023,6:48:53,TRUE
25,2,19,1,4.99,24/03/2023,20:48:45,TRUE
25,2,34,1,0.99,24/03/2023,22:05:58,TRUE
26,2,2,1,5.99,27/03/2023,20:47:26,TRUE
26,2,30,1,0.99,27/03/2023,23:31:23,TRUE
27,2,16,1,4.99,05/04/2023,11:46:15,TRUE
27,2,29,1,0.99,05/04/2023,15:13:36,TRUE
28,2,11,1,5.99,28/04/2023,8:43:17,TRUE
28,2,33,1,0.99,28/04/2023,11:51:07,TRUE
29,2,9,1,6.99,09/05/2023,19:51:49,TRUE
29,2,30,1,0.99,09/05/2023,22:00:23,TRUE
30,2,8,1,5.99,10/05/2023,15:34:35,TRUE
31,2,23,1,5.99,19/05/2023,12:40:31,TRUE
32,2,13,1,4.99,25/05/2023,12:28:07,TRUE
32,2,35,1,0.99,25/05/2023,14:22:05,TRUE
33,2,10,1,4.99,31/05/2023,2:00:45,TRUE
33,2,34,1,0.99,31/05/2023,8:39:45,TRUE
34,2,1,1,4.99,07/06/2023,11:50:52,TRUE
34,2,35,1,0.99,07/06/2023,22:53:17,TRUE
35,2,10,1,4.99,09/06/2023,5:09:18,TRUE
35,2,32,1,0.99,09/06/2023,14:10:07,TRUE
36,2,19,1,4.99,16/06/2023,21:28:24,TRUE
37,2,16,1,4.99,26/06/2023,0:43:06,TRUE
38,2,6,1,6.99,27/06/2023,0:22:48,TRUE
38,2,31,1,0.99,27/06/2023,19:28:51,TRUE
39,2,2,1,5.99,28/06/2023,10:48:58,TRUE
40,3,19,1,4.99,05/01/2023,1:46:23,TRUE
40,3,25,1,0.99,05/01/2023,20:59:33,TRUE
41,3,11,1,5.99,06/01/2023,12:40:31,TRUE
41,3,26,1,0.99,06/01/2023,8:58:54,TRUE
42,3,17,1,5.99,26/01/2023,11:11:40,TRUE
42,3,33,1,0.99,26/01/2023,19:20:47,TRUE
43,3,16,1,4.99,07/02/2023,23:37:57,TRUE
43,3,26,1,0.99,07/02/2023,19:59:07,TRUE
44,3,10,1,4.99,17/02/2023,16:00:52,TRUE
44,3,25,1,0.99,17/02/2023,16:31:08,TRUE
45,3,18,1,6.99,21/02/2023,21:23:27,TRUE
45,3,33,1,0.99,21/02/2023,1:57:07,TRUE
46,3,7,1,4.99,24/02/2023,15:58:05,TRUE
46,3,25,1,0.99,24/02/2023,3:06:37,TRUE
47,3,20,1,5.99,14/03/2023,9:13:43,TRUE
48,3,3,1,6.99,17/03/2023,22:58:43,TRUE
48,3,29,1,0.99,17/03/2023,14:21:49,TRUE
49,3,14,1,5.99,27/03/2023,21:38:09,TRUE
50,3,1,1,4.99,13/04/2023,23:34:52,TRUE
50,3,26,1,0.99,13/04/2023,12:31:22,TRUE
51,3,24,1,6.99,14/04/2023,4:46:31,TRUE
52,3,11,1,5.99,17/04/2023,18:40:25,TRUE
52,3,29,1,0.99,17/04/2023,17:01:29,TRUE
53,3,13,1,4.99,18/04/2023,2:20:33,TRUE
53,3,26,1,0.99,18/04/2023,18:13:01,TRUE
54,3,21,1,6.99,02/05/2023,21:13:46,TRUE
55,3,7,1,4.99,11/05/2023,12:33:53,TRUE
56,3,18,1,6.99,17/05/2023,16:05:04,TRUE
57,3,9,1,6.99,30/05/2023,12:46:21,TRUE
57,3,32,1,0.99,30/05/2023,20:20:46,TRUE
58,3,17,1,5.99,01/06/2023,5:00:39,TRUE
58,3,26,1,0.99,01/06/2023,22:13:32,TRUE
59,3,11,1,5.99,05/06/2023,4:21:08,TRUE
60,3,19,1,4.99,09/06/2023,22:32:56,TRUE
61,3,22,1,4.99,13/06/2023,10:22:04,TRUE
61,3,26,1,0.99,13/06/2023,23:23:29,TRUE
62,3,9,1,6.99,21/06/2023,11:16:26,TRUE
62,3,26,1,0.99,21/06/2023,1:34:29,TRUE
63,3,20,1,5.99,27/06/2023,10:49:03,TRUE
64,4,14,1,5.99,11/01/2023,0:40:24,TRUE
64,4,29,1,0.99,11/01/2023,17:24:45,TRUE
65,4,21,1,6.99,07/02/2023,0:23:42,TRUE
65,4,30,1,0.99,07/02/2023,12:30:08,TRUE
66,4,15,1,6.99,16/02/2023,22:33:18,TRUE
67,4,23,1,5.99,01/03/2023,15:03:17,TRUE
68,4,23,1,5.99,15/03/2023,23:30:32,TRUE
69,4,14,1,5.99,26/03/2023,1:48:44,FALSE
70,4,22,1,4.99,06/04/2023,19:37:40,TRUE
71,4,7,1,4.99,21/04/2023,11:25:15,TRUE
72,4,17,1,5.99,28/04/2023,9:00:12,TRUE
73,4,20,1,5.99,02/05/2023,2:59:14,TRUE
73,4,26,1,0.99,02/05/2023,2:09:08,TRUE
74,4,12,1,6.99,01/06/2023,0:34:44,TRUE
75,4,13,1,4.99,03/06/2023,23:40:13,FALSE
76,4,8,1,5.99,05/06/2023,6:34:36,TRUE
77,4,13,1,4.99,06/06/2023,15:38:47,TRUE
78,5,21,1,6.99,02/01/2023,4:33:49,TRUE
78,5,28,1,0.99,02/01/2023,10:26:18,TRUE
79,5,18,1,6.99,04/02/2023,14:42:04,FALSE
79,5,33,1,0.99,04/02/2023,11:47:05,FALSE
80,5,5,1,5.99,06/02/2023,12:27:15,TRUE
80,5,25,1,0.99,06/02/2023,8:21:18,TRUE
81,5,14,1,5.99,12/02/2023,7:51:10,FALSE
81,5,28,1,0.99,12/02/2023,8:04:55,FALSE
82,5,7,1,4.99,17/02/2023,0:19:53,TRUE
82,5,32,1,0.99,17/02/2023,22:35:40,TRUE
83,5,16,1,4.99,26/02/2023,20:01:16,FALSE
84,5,4,1,4.99,10/03/2023,11:20:27,TRUE
85,5,22,1,4.99,25/03/2023,2:45:43,FALSE
86,5,19,1,4.99,30/03/2023,17:07:23,TRUE
86,5,28,1,0.99,30/03/2023,10:22:11,TRUE
87,5,4,1,4.99,14/05/2023,15:40:52,FALSE
87,5,34,1,0.99,14/05/2023,6:08:45,FALSE
88,5,7,1,4.99,22/05/2023,19:18:37,TRUE
88,5,28,1,0.99,22/05/2023,7:36:52,TRUE
89,5,8,1,5.99,05/06/2023,21:55:46,TRUE
90,5,14,1,5.99,18/06/2023,8:13:58,FALSE
90,5,26,1,0.99,18/06/2023,5:53:20,FALSE
91,6,6,1,6.99,01/01/2023,17:32:10,FALSE
91,6,9,1,6.99,01/01/2023,2:11:23,FALSE
91,6,33,1,0.99,01/01/2023,19:58:01,FALSE
92,6,14,1,5.99,14/01/2023,16:43:25,FALSE
92,6,5,1,5.99,14/01/2023,6:07:32,FALSE
92,6,28,1,0.99,14/01/2023,10:21:26,FALSE
92,6,35,1,0.99,14/01/2023,0:21:25,FALSE
93,6,6,1,6.99,28/01/2023,9:45:11,FALSE
93,6,5,1,5.99,28/01/2023,9:20:09,FALSE
93,6,36,1,0.99,28/01/2023,19:37:12,FALSE
94,6,3,1,6.99,29/01/2023,11:27:38,FALSE
94,6,33,1,0.99,29/01/2023,9:36:08,FALSE
94,6,36,1,0.99,29/01/2023,18:12:58,FALSE
95,6,24,1,6.99,05/02/2023,21:51:01,FALSE
95,6,10,1,4.99,05/02/2023,10:48:02,FALSE
95,6,30,1,0.99,05/02/2023,14:41:54,FALSE
96,6,10,1,4.99,26/02/2023,7:59:07,FALSE
96,6,15,1,6.99,26/02/2023,5:36:43,FALSE
96,6,34,1,0.99,26/02/2023,22:38:05,FALSE
97,6,2,1,5.99,12/03/2023,6:56:06,FALSE
97,6,10,1,4.99,12/03/2023,2:55:48,FALSE
97,6,25,1,0.99,12/03/2023,16:49:26,FALSE
97,6,35,1,0.99,12/03/2023,20:59:36,FALSE
98,6,14,1,5.99,18/03/2023,8:18:22,FALSE
98,6,5,1,5.99,18/03/2023,15:22:02,FALSE
98,6,30,1,0.99,18/03/2023,13:34:55,FALSE
99,6,20,1,5.99,19/03/2023,3:37:36,FALSE
99,6,36,1,0.99,19/03/2023,6:48:41,FALSE
99,6,25,1,0.99,19/03/2023,16:22:28,FALSE
100,6,24,1,6.99,02/04/2023,0:12:55,FALSE
100,6,7,1,4.99,02/04/2023,17:24:01,FALSE
100,6,28,1,0.99,02/04/2023,2:43:46,FALSE
101,6,13,1,4.99,08/04/2023,9:53:54,FALSE
101,6,29,1,0.99,08/04/2023,11:38:24,FALSE
102,6,13,1,4.99,16/04/2023,18:46:14,FALSE
102,6,19,1,4.99,16/04/2023,19:43:38,FALSE
102,6,29,1,0.99,16/04/2023,14:34:12,FALSE
102,6,35,1,0.99,16/04/2023,10:25:59,FALSE
103,6,8,1,5.99,23/04/2023,11:22:12,FALSE
103,6,14,1,5.99,23/04/2023,17:00:43,FALSE
103,6,33,1,0.99,23/04/2023,22:15:13,FALSE
104,6,4,1,4.99,06/05/2023,23:22:33,FALSE
104,6,19,1,4.99,06/05/2023,16:43:02,FALSE
104,6,28,1,0.99,06/05/2023,4:42:56,FALSE
105,6,22,1,4.99,07/05/2023,18:33:46,FALSE
105,6,27,1,0.99,07/05/2023,4:54:38,FALSE
105,6,35,1,0.99,07/05/2023,7:51:22,FALSE
106,6,20,1,5.99,14/05/2023,15:59:59,FALSE
106,6,31,1,0.99,14/05/2023,8:30:28,FALSE
106,6,36,1,0.99,14/05/2023,0:04:46,FALSE
107,6,11,1,5.99,04/06/2023,6:30:35,FALSE
107,6,18,1,6.99,04/06/2023,22:48:02,FALSE
107,6,25,1,0.99,04/06/2023,22:33:17,FALSE
108,6,16,1,4.99,18/06/2023,7:24:49,FALSE
108,6,23,1,5.99,18/06/2023,14:26:40,FALSE
108,6,25,1,0.99,18/06/2023,9:54:11,FALSE
109,6,10,1,4.99,24/06/2023,17:01:30,FALSE
109,6,25,1,0.99,24/06/2023,13:59:14,FALSE
109,6,29,1,0.99,24/06/2023,19:14:35,FALSE
110,7,24,1,6.99,10/01/2023,22:27:26,TRUE
111,7,6,1,6.99,22/01/2023,16:10:08,FALSE
111,7,34,1,0.99,22/01/2023,23:57:04,FALSE
112,7,20,1,5.99,23/01/2023,22:44:10,TRUE
113,7,14,1,5.99,16/02/2023,7:33:50,TRUE
114,7,22,1,4.99,23/02/2023,4:41:55,TRUE
114,7,36,1,0.99,23/02/2023,4:15:05,TRUE
115,7,24,1,6.99,10/03/2023,23:01:00,TRUE
116,7,8,1,5.99,16/03/2023,11:06:03,TRUE
116,7,32,1,0.99,16/03/2023,11:59:32,TRUE
117,7,8,1,5.99,18/03/2023,21:23:10,FALSE
118,7,6,1,6.99,20/03/2023,23:55:39,TRUE
118,7,31,1,0.99,20/03/2023,0:29:55,TRUE
119,7,23,1,5.99,25/03/2023,19:59:55,FALSE
119,7,27,1,0.99,25/03/2023,3:57:59,FALSE
120,7,10,1,4.99,07/04/2023,16:36:22,TRUE
121,7,10,1,4.99,19/04/2023,19:18:44,TRUE
122,7,6,1,6.99,30/04/2023,3:25:49,FALSE
122,7,35,1,0.99,30/04/2023,17:55:04,FALSE
123,7,17,1,5.99,17/05/2023,21:31:59,TRUE
123,7,32,1,0.99,17/05/2023,17:59:51,TRUE
124,7,4,1,4.99,22/05/2023,7:09:57,TRUE
125,7,15,1,6.99,24/05/2023,22:07:52,TRUE
126,8,13,1,4.99,12/01/2023,0:57:02,TRUE
127,8,6,1,6.99,13/01/2023,16:06:20,TRUE
128,8,10,1,4.99,17/01/2023,15:20:52,TRUE
128,8,36,1,0.99,17/01/2023,7:51:29,TRUE
129,8,10,1,4.99,23/01/2023,21:04:16,TRUE
130,8,3,1,6.99,02/02/2023,18:47:51,TRUE
131,8,23,1,5.99,22/02/2023,18:58:16,TRUE
131,8,28,1,0.99,22/02/2023,7:26:45,TRUE
132,8,5,1,5.99,24/03/2023,19:11:16,TRUE
132,8,34,1,0.99,24/03/2023,21:59:42,TRUE
133,8,14,1,5.99,27/03/2023,13:58:34,TRUE
134,8,8,1,5.99,29/03/2023,0:22:55,TRUE
134,8,32,1,0.99,29/03/2023,19:30:54,TRUE
135,8,16,1,4.99,30/03/2023,16:35:00,TRUE
135,8,25,1,0.99,30/03/2023,22:34:48,TRUE
136,8,1,1,4.99,03/04/2023,19:25:52,TRUE
136,8,33,1,0.99,03/04/2023,21:19:14,TRUE
137,8,7,1,4.99,04/04/2023,19:57:12,TRUE
138,8,17,1,5.99,10/04/2023,0:34:15,TRUE
139,8,16,1,4.99,19/04/2023,3:18:47,TRUE
140,8,10,1,4.99,25/04/2023,14:29:39,TRUE
141,8,4,1,4.99,28/04/2023,15:54:23,TRUE
142,8,19,1,4.99,02/05/2023,1:46:32,TRUE
143,8,2,1,5.99,16/05/2023,19:01:23,TRUE
143,8,34,1,0.99,16/05/2023,18:10:34,TRUE
144,8,16,1,4.99,08/06/2023,14:54:52,TRUE
144,8,32,1,0.99,08/06/2023,4:01:06,TRUE
145,8,15,1,6.99,13/06/2023,11:54:21,TRUE
145,8,34,1,0.99,13/06/2023,23:19:11,TRUE
146,8,9,1,6.99,20/06/2023,9:21:02,TRUE
146,8,35,1,0.99,20/06/2023,23:35:47,TRUE
147,8,14,1,5.99,22/06/2023,5:25:36,TRUE
148,8,2,1,5.99,28/06/2023,17:00:06,TRUE
149,9,4,1,4.99,04/01/2023,8:20:13,TRUE
150,9,24,1,6.99,05/01/2023,17:22:33,TRUE
151,9,1,1,4.99,06/01/2023,3:45:46,TRUE
152,9,10,1,4.99,09/01/2023,15:32:58,TRUE
153,9,2,1,5.99,12/01/2023,4:46:27,TRUE
154,9,4,1,4.99,17/01/2023,0:14:14,TRUE
155,9,4,1,4.99,18/01/2023,15:11:51,TRUE
155,9,31,1,0.99,18/01/2023,12:02:22,TRUE
156,9,3,1,6.99,24/01/2023,13:32:15,TRUE
156,9,32,1,0.99,24/01/2023,3:19:17,TRUE
157,9,23,1,5.99,06/02/2023,17:23:40,TRUE
158,9,15,1,6.99,08/02/2023,20:10:06,TRUE
158,9,32,1,0.99,08/02/2023,11:38:24,TRUE
159,9,18,1,6.99,21/02/2023,9:48:55,TRUE
160,9,2,1,5.99,22/02/2023,23:27:41,TRUE
160,9,25,1,0.99,22/02/2023,7:53:50,TRUE
161,9,22,1,4.99,03/03/2023,11:30:15,TRUE
162,9,16,1,4.99,10/03/2023,16:45:51,TRUE
163,9,9,1,6.99,13/03/2023,13:44:12,TRUE
163,9,25,1,0.99,13/03/2023,20:43:21,TRUE
164,9,11,1,5.99,16/03/2023,10:06:59,TRUE
164,9,29,1,0.99,16/03/2023,23:02:06,TRUE
165,9,6,1,6.99,17/03/2023,18:58:20,TRUE
166,9,20,1,5.99,21/03/2023,4:00:43,TRUE
167,9,12,1,6.99,27/03/2023,2:10:59,TRUE
167,9,28,1,0.99,27/03/2023,2:44:28,TRUE
168,9,3,1,6.99,03/04/2023,6:25:19,TRUE
168,9,35,1,0.99,03/04/2023,12:44:07,TRUE
169,9,18,1,6.99,12/04/2023,20:43:43,TRUE
169,9,25,1,0.99,12/04/2023,20:53:05,TRUE
170,9,5,1,5.99,20/04/2023,3:53:39,TRUE
171,9,4,1,4.99,21/04/2023,17:22:20,TRUE
171,9,36,1,0.99,21/04/2023,20:39:17,TRUE
172,9,24,1,6.99,24/04/2023,19:07:09,TRUE
172,9,25,1,0.99,24/04/2023,5:26:52,TRUE
173,9,19,1,4.99,25/04/2023,1:55:55,TRUE
174,9,5,1,5.99,04/05/2023,3:24:18,TRUE
174,9,31,1,0.99,04/05/2023,17:41:44,TRUE
175,9,22,1,4.99,12/05/2023,0:02:42,TRUE
175,9,31,1,0.99,12/05/2023,10:16:22,TRUE
176,9,2,1,5.99,17/05/2023,14:00:18,TRUE
177,9,6,1,6.99,31/05/2023,11:51:17,TRUE
178,9,24,1,6.99,02/06/2023,21:09:05,TRUE
178,9,32,1,0.99,02/06/2023,17:16:16,TRUE
179,9,12,1,6.99,09/06/2023,14:03:58,TRUE
179,9,29,1,0.99,09/06/2023,13:42:30,TRUE
180,9,2,1,5.99,15/06/2023,7:12:36,TRUE
180,9,33,1,0.99,15/06/2023,22:30:54,TRUE
181,9,24,1,6.99,21/06/2023,2:37:24,TRUE
181,9,34,1,0.99,21/06/2023,0:24:06,TRUE
182,9,23,1,5.99,29/06/2023,16:14:17,TRUE
182,9,35,1,0.99,29/06/2023,1:51:02,TRUE
183,10,11,1,5.99,07/01/2023,23:18:48,FALSE
183,10,33,1,0.99,07/01/2023,0:53:35,FALSE
183,10,34,1,0.99,07/01/2023,3:52:34,FALSE
184,10,6,1,6.99,08/01/2023,14:53:13,FALSE
184,10,30,1,0.99,08/01/2023,9:47:46,FALSE
185,10,4,1,4.99,15/01/2023,4:54:11,FALSE
185,10,16,1,4.99,15/01/2023,17:27:51,FALSE
185,10,25,1,0.99,15/01/2023,10:52:04,FALSE
185,10,26,1,0.99,15/01/2023,6:33:03,FALSE
186,10,11,1,5.99,22/01/2023,12:32:57,FALSE
186,10,16,1,4.99,22/01/2023,8:26:22,FALSE
186,10,26,1,0.99,22/01/2023,9:14:46,FALSE
186,10,35,1,0.99,22/01/2023,3:38:02,FALSE
187,10,4,1,4.99,28/01/2023,22:07:32,FALSE
187,10,6,1,6.99,28/01/2023,11:24:06,FALSE
187,10,30,1,0.99,28/01/2023,11:30:37,FALSE
188,10,19,1,4.99,26/02/2023,21:05:25,FALSE
188,10,33,1,0.99,26/02/2023,19:54:50,FALSE
189,10,8,1,5.99,04/03/2023,14:39:33,FALSE
189,10,33,1,0.99,04/03/2023,1:54:03,FALSE
189,10,28,1,0.99,04/03/2023,5:41:43,FALSE
190,10,7,1,4.99,12/03/2023,5:40:44,FALSE
190,10,25,1,0.99,12/03/2023,2:31:54,FALSE
191,10,20,1,5.99,18/03/2023,0:39:54,FALSE
191,10,31,1,0.99,18/03/2023,15:54:39,FALSE
192,10,2,1,5.99,19/03/2023,6:56:38,FALSE
192,10,10,1,4.99,19/03/2023,8:53:34,FALSE
192,10,31,1,0.99,19/03/2023,15:46:00,FALSE
193,10,6,1,6.99,01/04/2023,20:09:48,FALSE
193,10,31,1,0.99,01/04/2023,15:05:43,FALSE
194,10,21,1,6.99,15/04/2023,17:15:02,FALSE
194,10,30,1,0.99,15/04/2023,7:56:40,FALSE
194,10,27,1,0.99,15/04/2023,22:19:55,FALSE
195,10,17,1,5.99,29/04/2023,11:55:42,FALSE
195,10,33,1,0.99,29/04/2023,8:05:49,FALSE
195,10,26,1,0.99,29/04/2023,20:01:01,FALSE
196,10,18,1,6.99,13/05/2023,4:55:24,FALSE
196,10,34,1,0.99,13/05/2023,13:04:21,FALSE
197,10,12,1,6.99,20/05/2023,1:41:57,FALSE
197,10,24,1,6.99,20/05/2023,3:57:47,FALSE
197,10,25,1,0.99,20/05/2023,22:08:13,FALSE
198,10,21,1,6.99,17/06/2023,3:59:17,FALSE
198,10,31,1,0.99,17/06/2023,15:35:30,FALSE
199,11,3,1,6.99,23/01/2023,10:34:24,TRUE
200,11,15,1,6.99,01/02/2023,9:56:13,TRUE
201,11,8,1,5.99,09/02/2023,15:50:53,TRUE
202,11,11,1,5.99,18/02/2023,17:48:50,FALSE
203,11,17,1,5.99,23/02/2023,2:52:16,TRUE
203,11,35,1,0.99,23/02/2023,5:46:59,TRUE
204,11,2,1,5.99,07/03/2023,12:26:46,TRUE
205,11,6,1,6.99,28/04/2023,3:45:42,TRUE
205,11,32,1,0.99,28/04/2023,9:41:49,TRUE
206,11,12,1,6.99,04/05/2023,23:15:01,TRUE
207,11,19,1,4.99,16/05/2023,15:25:36,TRUE
207,11,33,1,0.99,16/05/2023,10:35:49,TRUE
208,11,23,1,5.99,27/05/2023,5:31:20,FALSE
209,11,4,1,4.99,31/05/2023,21:00:39,TRUE
210,11,11,1,5.99,20/06/2023,8:15:34,TRUE
210,11,26,1,0.99,20/06/2023,19:03:19,TRUE
211,11,20,1,5.99,21/06/2023,21:44:46,TRUE
212,11,22,1,4.99,28/06/2023,5:40:20,TRUE
213,11,17,1,5.99,29/06/2023,18:36:29,TRUE
214,12,14,1,5.99,02/01/2023,22:16:15,TRUE
214,12,28,1,0.99,02/01/2023,1:19:45,TRUE
215,12,22,1,4.99,04/01/2023,13:27:33,TRUE
216,12,24,1,6.99,12/01/2023,14:52:33,TRUE
217,12,15,1,6.99,13/01/2023,10:28:40,TRUE
217,12,30,1,0.99,13/01/2023,6:07:42,TRUE
218,12,14,1,5.99,19/01/2023,4:50:30,TRUE
219,12,9,1,6.99,26/01/2023,16:38:13,TRUE
219,12,26,1,0.99,26/01/2023,21:06:58,TRUE
220,12,2,1,5.99,01/02/2023,4:36:35,TRUE
220,12,26,1,0.99,01/02/2023,12:37:38,TRUE
221,12,11,1,5.99,08/02/2023,13:29:50,TRUE
221,12,27,1,0.99,08/02/2023,14:18:03,TRUE
222,12,13,1,4.99,09/02/2023,15:28:52,TRUE
222,12,35,1,0.99,09/02/2023,9:25:58,TRUE
223,12,20,1,5.99,13/02/2023,14:11:24,TRUE
224,12,6,1,6.99,22/02/2023,2:13:16,TRUE
225,12,1,1,4.99,01/03/2023,18:11:26,TRUE
225,12,34,1,0.99,01/03/2023,20:45:52,TRUE
226,12,2,1,5.99,15/03/2023,4:19:14,TRUE
227,12,6,1,6.99,23/03/2023,21:00:35,TRUE
228,12,5,1,5.99,30/03/2023,16:23:37,TRUE
229,12,13,1,4.99,04/04/2023,8:42:26,TRUE
229,12,32,1,0.99,04/04/2023,14:00:45,TRUE
230,12,7,1,4.99,12/04/2023,20:33:09,TRUE
230,12,25,1,0.99,12/04/2023,3:09:02,TRUE
231,12,12,1,6.99,13/04/2023,0:28:01,TRUE
231,12,26,1,0.99,13/04/2023,17:48:44,TRUE
232,12,4,1,4.99,20/04/2023,18:20:19,TRUE
233,12,9,1,6.99,24/04/2023,10:55:24,TRUE
234,12,9,1,6.99,25/04/2023,13:05:32,TRUE
235,12,6,1,6.99,02/05/2023,17:10:07,TRUE
235,12,36,1,0.99,02/05/2023,12:20:17,TRUE
236,12,3,1,6.99,03/05/2023,4:54:22,TRUE
236,12,28,1,0.99,03/05/2023,18:39:49,TRUE
237,12,13,1,4.99,05/05/2023,19:35:17,TRUE
238,12,19,1,4.99,09/05/2023,8:07:45,TRUE
239,12,18,1,6.99,11/05/2023,8:57:23,TRUE
239,12,32,1,0.99,11/05/2023,8:19:30,TRUE
240,12,13,1,4.99,12/05/2023,9:58:18,TRUE
241,12,22,1,4.99,17/05/2023,16:06:53,TRUE
242,12,2,1,5.99,24/05/2023,3:25:03,TRUE
242,12,27,1,0.99,24/05/2023,2:44:29,TRUE
243,12,5,1,5.99,06/06/2023,19:13:23,TRUE
243,12,29,1,0.99,06/06/2023,23:32:50,TRUE
244,12,3,1,6.99,08/06/2023,11:19:55,TRUE
245,12,15,1,6.99,15/06/2023,20:27:35,TRUE
246,12,17,1,5.99,16/06/2023,11:14:30,TRUE
246,12,35,1,0.99,16/06/2023,8:16:27,TRUE
247,12,22,1,4.99,20/06/2023,20:33:39,TRUE
247,12,26,1,0.99,20/06/2023,17:28:38,TRUE
248,13,16,1,4.99,05/01/2023,12:08:34,TRUE
249,13,6,1,6.99,13/01/2023,11:51:21,TRUE
249,13,29,1,0.99,13/01/2023,11:42:42,TRUE
250,13,8,1,5.99,16/01/2023,13:15:25,TRUE
250,13,32,1,0.99,16/01/2023,9:12:15,TRUE
251,13,4,1,4.99,26/01/2023,10:44:11,TRUE
251,13,25,1,0.99,26/01/2023,10:52:56,TRUE
252,13,19,1,4.99,30/01/2023,14:08:13,TRUE
253,13,21,1,6.99,31/01/2023,16:14:24,TRUE
254,13,23,1,5.99,02/02/2023,6:33:05,TRUE
255,13,16,1,4.99,09/02/2023,21:18:55,TRUE
255,13,27,1,0.99,09/02/2023,19:32:43,TRUE
256,13,16,1,4.99,15/02/2023,4:45:36,TRUE
256,13,31,1,0.99,15/02/2023,14:44:53,TRUE
257,13,19,1,4.99,17/02/2023,5:09:42,TRUE
257,13,27,1,0.99,17/02/2023,5:19:50,TRUE
258,13,11,1,5.99,22/02/2023,20:10:34,TRUE
258,13,33,1,0.99,22/02/2023,21:34:57,TRUE
259,13,5,1,5.99,03/03/2023,23:24:33,TRUE
260,13,11,1,5.99,07/03/2023,12:02:40,TRUE
261,13,12,1,6.99,22/03/2023,10:45:48,TRUE
261,13,25,1,0.99,22/03/2023,0:23:16,TRUE
262,13,24,1,6.99,09/05/2023,5:51:07,TRUE
262,13,25,1,0.99,09/05/2023,3:10:11,TRUE
263,13,11,1,5.99,19/05/2023,12:30:54,TRUE
263,13,33,1,0.99,19/05/2023,17:16:04,TRUE
264,13,20,1,5.99,25/05/2023,19:25:42,TRUE
265,13,15,1,6.99,26/05/2023,6:54:56,TRUE
266,13,9,1,6.99,30/05/2023,22:36:35,TRUE
267,13,3,1,6.99,31/05/2023,2:01:25,TRUE
268,13,19,1,4.99,06/06/2023,5:45:38,TRUE
268,13,33,1,0.99,06/06/2023,6:54:00,TRUE
269,13,13,1,4.99,07/06/2023,0:25:02,TRUE
270,13,24,1,6.99,12/06/2023,3:10:09,TRUE
270,13,25,1,0.99,12/06/2023,3:17:53,TRUE
271,13,24,1,6.99,29/06/2023,17:21:58,TRUE
272,14,7,1,4.99,14/01/2023,23:35:08,FALSE
272,14,23,1,5.99,14/01/2023,0:18:23,FALSE
272,14,28,1,0.99,14/01/2023,10:11:03,FALSE
273,14,20,1,5.99,04/02/2023,21:04:31,FALSE
273,14,27,1,0.99,04/02/2023,21:35:25,FALSE
274,14,1,1,4.99,12/02/2023,5:28:28,FALSE
274,14,34,1,0.99,12/02/2023,7:06:27,FALSE
274,14,29,1,0.99,12/02/2023,18:09:53,FALSE
275,14,17,1,5.99,18/02/2023,2:02:38,FALSE
275,14,2,1,5.99,18/02/2023,15:26:29,FALSE
275,14,32,1,0.99,18/02/2023,18:36:27,FALSE
276,14,9,1,6.99,04/03/2023,5:41:55,FALSE
276,14,23,1,5.99,04/03/2023,20:03:07,FALSE
276,14,30,1,0.99,04/03/2023,16:14:00,FALSE
277,14,8,1,5.99,07/05/2023,18:58:02,FALSE
277,14,28,1,0.99,07/05/2023,8:40:30,FALSE
278,14,11,1,5.99,14/05/2023,9:34:04,FALSE
278,14,18,1,6.99,14/05/2023,2:53:38,FALSE
278,14,32,1,0.99,14/05/2023,11:53:17,FALSE
278,14,30,1,0.99,14/05/2023,4:55:03,FALSE
279,14,11,1,5.99,20/05/2023,8:56:24,FALSE
279,14,2,1,5.99,20/05/2023,22:32:01,FALSE
279,14,25,1,0.99,20/05/2023,5:32:56,FALSE
279,14,33,1,0.99,20/05/2023,7:04:18,FALSE
280,14,21,1,6.99,27/05/2023,15:11:21,FALSE
280,14,27,1,0.99,27/05/2023,13:48:21,FALSE
281,14,17,1,5.99,03/06/2023,0:35:23,FALSE
281,14,34,1,0.99,03/06/2023,14:26:18,FALSE
282,14,13,1,4.99,04/06/2023,13:47:32,FALSE
282,14,30,1,0.99,04/06/2023,23:33:43,FALSE
282,14,32,1,0.99,04/06/2023,16:31:16,FALSE
283,14,1,1,4.99,24/06/2023,7:20:51,FALSE
283,14,20,1,5.99,24/06/2023,11:05:07,FALSE
283,14,35,1,0.99,24/06/2023,20:57:15,FALSE
283,14,27,1,0.99,24/06/2023,15:06:39,FALSE
284,15,15,1,6.99,03/01/2023,1:04:06,TRUE
284,15,25,1,0.99,03/01/2023,23:20:14,TRUE
285,15,22,1,4.99,05/01/2023,22:24:26,TRUE
285,15,33,1,0.99,05/01/2023,7:28:19,TRUE
286,15,23,1,5.99,06/01/2023,13:48:05,TRUE
287,15,6,1,6.99,20/01/2023,11:06:44,TRUE
288,15,14,1,5.99,30/01/2023,21:21:40,TRUE
288,15,32,1,0.99,30/01/2023,11:42:35,TRUE
289,15,3,1,6.99,01/02/2023,0:13:55,TRUE
290,15,15,1,6.99,10/02/2023,10:44:32,TRUE
290,15,27,1,0.99,10/02/2023,23:18:18,TRUE
291,15,5,1,5.99,14/02/2023,5:24:28,TRUE
291,15,28,1,0.99,14/02/2023,10:39:37,TRUE
292,15,3,1,6.99,16/02/2023,8:51:59,TRUE
292,15,25,1,0.99,16/02/2023,18:08:25,TRUE
293,15,16,1,4.99,21/02/2023,23:13:02,TRUE
293,15,25,1,0.99,21/02/2023,5:06:07,TRUE
294,15,23,1,5.99,23/02/2023,23:26:22,TRUE
295,15,17,1,5.99,27/02/2023,13:05:26,TRUE
295,15,36,1,0.99,27/02/2023,9:09:44,TRUE
296,15,5,1,5.99,03/03/2023,10:03:23,TRUE
296,15,33,1,0.99,03/03/2023,6:43:15,TRUE
297,15,23,1,5.99,15/03/2023,16:12:47,TRUE
298,15,24,1,6.99,23/03/2023,19:47:47,TRUE
299,15,5,1,5.99,31/03/2023,8:28:57,TRUE
300,15,3,1,6.99,05/04/2023,11:18:31,TRUE
300,15,33,1,0.99,05/04/2023,14:14:37,TRUE
301,15,2,1,5.99,14/04/2023,19:24:30,TRUE
301,15,35,1,0.99,14/04/2023,2:46:56,TRUE
302,15,12,1,6.99,20/04/2023,4:34:40,TRUE
302,15,32,1,0.99,20/04/2023,5:36:21,TRUE
303,15,2,1,5.99,26/04/2023,6:40:11,TRUE
303,15,28,1,0.99,26/04/2023,13:28:39,TRUE
304,15,21,1,6.99,30/05/2023,1:46:14,TRUE
304,15,32,1,0.99,30/05/2023,2:00:18,TRUE
305,15,3,1,6.99,31/05/2023,8:24:20,TRUE
305,15,26,1,0.99,31/05/2023,9:49:56,TRUE
306,15,23,1,5.99,06/06/2023,23:32:05,TRUE
307,15,17,1,5.99,16/06/2023,17:45:37,TRUE
307,15,31,1,0.99,16/06/2023,20:20:59,TRUE
308,15,3,1,6.99,26/06/2023,13:55:13,TRUE
309,16,14,1,5.99,01/01/2023,12:11:20,FALSE
309,16,29,1,0.99,01/01/2023,9:32:12,FALSE
309,16,36,1,0.99,01/01/2023,3:15:33,FALSE
310,16,8,1,5.99,08/01/2023,3:00:04,FALSE
310,16,32,1,0.99,08/01/2023,0:57:36,FALSE
311,16,9,1,6.99,22/01/2023,3:04:17,FALSE
311,16,5,1,5.99,22/01/2023,0:38:16,FALSE
311,16,35,1,0.99,22/01/2023,7:47:33,FALSE
312,16,11,1,5.99,29/01/2023,7:34:41,FALSE
312,16,16,1,4.99,29/01/2023,16:11:20,FALSE
312,16,28,1,0.99,29/01/2023,22:52:00,FALSE
313,16,14,1,5.99,05/03/2023,11:27:56,FALSE
313,16,21,1,6.99,05/03/2023,19:07:50,FALSE
313,16,29,1,0.99,05/03/2023,18:41:58,FALSE
313,16,36,1,0.99,05/03/2023,9:24:02,FALSE
314,16,10,1,4.99,18/03/2023,3:43:16,FALSE
314,16,25,1,0.99,18/03/2023,6:25:54,FALSE
315,16,19,1,4.99,26/03/2023,13:45:21,FALSE
315,16,10,1,4.99,26/03/2023,17:10:08,FALSE
315,16,28,1,0.99,26/03/2023,19:01:04,FALSE
316,16,18,1,6.99,16/04/2023,21:10:23,FALSE
316,16,25,1,0.99,16/04/2023,19:13:45,FALSE
317,16,18,1,6.99,28/05/2023,14:35:03,FALSE
317,16,15,1,6.99,28/05/2023,7:30:22,FALSE
317,16,25,1,0.99,28/05/2023,21:23:15,FALSE
317,16,31,1,0.99,28/05/2023,7:18:01,FALSE
318,16,12,1,6.99,18/06/2023,9:34:02,FALSE
318,16,17,1,5.99,18/06/2023,21:36:21,FALSE
318,16,29,1,0.99,18/06/2023,3:38:59,FALSE
318,16,32,1,0.99,18/06/2023,10:59:22,FALSE
319,17,4,1,4.99,21/01/2023,15:16:44,FALSE
319,17,34,1,0.99,21/01/2023,20:23:50,FALSE
320,17,10,1,4.99,06/02/2023,18:59:44,TRUE
321,17,7,1,4.99,11/02/2023,17:23:33,FALSE
322,17,10,1,4.99,19/02/2023,2:29:58,FALSE
323,17,16,1,4.99,04/03/2023,17:55:23,FALSE
323,17,25,1,0.99,04/03/2023,23:35:08,FALSE
324,17,11,1,5.99,08/03/2023,15:55:30,TRUE
325,17,6,1,6.99,01/04/2023,23:12:46,FALSE
326,17,13,1,4.99,04/04/2023,8:14:54,TRUE
327,17,8,1,5.99,05/05/2023,8:36:55,TRUE
328,17,8,1,5.99,16/05/2023,17:30:37,TRUE
328,17,32,1,0.99,16/05/2023,7:54:56,TRUE
329,17,6,1,6.99,31/05/2023,14:44:12,TRUE
330,17,13,1,4.99,12/06/2023,13:44:07,TRUE
330,17,25,1,0.99,12/06/2023,19:12:51,TRUE
331,17,23,1,5.99,27/06/2023,21:47:23,TRUE
332,18,18,1,6.99,11/01/2023,8:28:25,TRUE
332,18,33,1,0.99,11/01/2023,5:27:17,TRUE
333,18,4,1,4.99,04/02/2023,15:17:38,FALSE
334,18,13,1,4.99,14/02/2023,10:35:00,TRUE
334,18,28,1,0.99,14/02/2023,13:10:08,TRUE
335,18,9,1,6.99,16/02/2023,17:16:59,TRUE
335,18,31,1,0.99,16/02/2023,4:40:13,TRUE
336,18,20,1,5.99,19/02/2023,13:25:31,FALSE
336,18,35,1,0.99,19/02/2023,15:46:22,FALSE
337,18,18,1,6.99,24/02/2023,20:07:57,TRUE
337,18,33,1,0.99,24/02/2023,22:24:32,TRUE
338,18,14,1,5.99,21/03/2023,23:32:41,TRUE
339,18,10,1,4.99,02/04/2023,11:00:17,FALSE
340,18,21,1,6.99,09/04/2023,1:16:01,FALSE
340,18,30,1,0.99,09/04/2023,10:28:54,FALSE
341,18,23,1,5.99,13/04/2023,9:50:06,TRUE
342,18,12,1,6.99,14/04/2023,23:35:43,TRUE
343,18,24,1,6.99,25/04/2023,7:41:23,TRUE
343,18,31,1,0.99,25/04/2023,6:26:40,TRUE
344,18,23,1,5.99,02/05/2023,5:13:28,TRUE
344,18,29,1,0.99,02/05/2023,15:36:57,TRUE
345,18,9,1,6.99,07/05/2023,7:16:34,FALSE
346,18,14,1,5.99,21/05/2023,20:06:18,FALSE
346,18,27,1,0.99,21/05/2023,11:25:00,FALSE
347,18,12,1,6.99,27/05/2023,15:10:53,FALSE
347,18,32,1,0.99,27/05/2023,3:52:27,FALSE
348,18,20,1,5.99,13/06/2023,21:04:22,TRUE
348,18,36,1,0.99,13/06/2023,5:41:51,TRUE
349,18,17,1,5.99,16/06/2023,19:39:47,TRUE
350,18,12,1,6.99,22/06/2023,15:40:39,TRUE
351,18,16,1,4.99,24/06/2023,21:55:20,FALSE
351,18,35,1,0.99,24/06/2023,15:11:06,FALSE
352,19,9,1,6.99,08/01/2023,2:58:36,FALSE
353,19,15,1,6.99,21/01/2023,13:44:49,FALSE
354,19,19,1,4.99,24/01/2023,13:56:05,TRUE
354,19,33,1,0.99,24/01/2023,15:25:04,TRUE
355,19,18,1,6.99,13/02/2023,4:57:33,TRUE
356,19,23,1,5.99,04/04/2023,8:25:35,TRUE
357,19,18,1,6.99,01/05/2023,18:24:09,TRUE
357,19,29,1,0.99,01/05/2023,8:28:52,TRUE
358,19,21,1,6.99,09/05/2023,22:25:43,TRUE
358,19,32,1,0.99,09/05/2023,11:51:21,TRUE
359,19,6,1,6.99,20/05/2023,3:18:19,FALSE
360,19,15,1,6.99,13/06/2023,14:38:46,TRUE
361,20,19,1,4.99,05/01/2023,2:20:29,TRUE
362,20,1,1,4.99,16/01/2023,5:46:20,TRUE
363,20,13,1,4.99,03/02/2023,8:24:47,TRUE
363,20,30,1,0.99,03/02/2023,9:01:12,TRUE
364,20,15,1,6.99,08/02/2023,18:16:53,TRUE
365,20,19,1,4.99,09/02/2023,15:35:05,TRUE
366,20,6,1,6.99,15/02/2023,0:26:22,TRUE
367,20,3,1,6.99,07/03/2023,15:46:16,TRUE
368,20,8,1,5.99,09/03/2023,22:49:35,TRUE
368,20,28,1,0.99,09/03/2023,20:43:45,TRUE
369,20,17,1,5.99,13/03/2023,3:25:09,TRUE
370,20,21,1,6.99,24/03/2023,15:45:37,TRUE
370,20,26,1,0.99,24/03/2023,4:30:22,TRUE
371,20,22,1,4.99,13/04/2023,1:47:08,TRUE
372,20,11,1,5.99,14/04/2023,0:05:32,TRUE
373,20,7,1,4.99,20/04/2023,7:17:00,TRUE
373,20,26,1,0.99,20/04/2023,16:36:29,TRUE
374,20,9,1,6.99,24/04/2023,16:39:23,TRUE
375,20,14,1,5.99,05/05/2023,4:32:44,TRUE
375,20,25,1,0.99,05/05/2023,22:55:10,TRUE
376,20,23,1,5.99,09/05/2023,15:05:12,TRUE
377,20,15,1,6.99,10/05/2023,8:15:05,TRUE
377,20,30,1,0.99,10/05/2023,6:24:18,TRUE
378,20,18,1,6.99,17/05/2023,12:04:33,TRUE
379,20,8,1,5.99,19/05/2023,23:48:26,TRUE
379,20,29,1,0.99,19/05/2023,5:49:43,TRUE
380,20,24,1,6.99,23/05/2023,0:32:26,TRUE
381,20,6,1,6.99,26/05/2023,23:33:01,TRUE
381,20,32,1,0.99,26/05/2023,20:27:35,TRUE
382,20,19,1,4.99,30/05/2023,19:39:18,TRUE
382,20,32,1,0.99,30/05/2023,9:51:56,TRUE
383,20,10,1,4.99,06/06/2023,19:52:10,TRUE
384,20,22,1,4.99,22/06/2023,11:37:35,TRUE
384,20,27,1,0.99,22/06/2023,5:40:22,TRUE
385,20,12,1,6.99,23/06/2023,2:38:21,TRUE
386,20,13,1,4.99,29/06/2023,19:20:08,TRUE
386,20,33,1,0.99,29/06/2023,15:20:44,TRUE
387,21,5,1,5.99,04/01/2023,17:30:48,TRUE
387,21,25,1,0.99,04/01/2023,5:00:30,TRUE
388,21,9,1,6.99,07/01/2023,1:46:22,FALSE
388,21,36,1,0.99,07/01/2023,1:43:55,FALSE
389,21,16,1,4.99,23/01/2023,15:06:59,TRUE
390,21,19,1,4.99,11/02/2023,1:56:55,FALSE
391,21,4,1,4.99,16/02/2023,4:26:42,TRUE
391,21,32,1,0.99,16/02/2023,21:25:27,TRUE
392,21,9,1,6.99,06/03/2023,11:20:14,TRUE
392,21,32,1,0.99,06/03/2023,2:40:44,TRUE
393,21,13,1,4.99,07/03/2023,9:09:06,TRUE
394,21,10,1,4.99,10/03/2023,10:49:35,TRUE
395,21,1,1,4.99,22/03/2023,1:40:05,TRUE
396,21,23,1,5.99,23/03/2023,7:55:22,TRUE
396,21,32,1,0.99,23/03/2023,14:46:03,TRUE
397,21,19,1,4.99,02/04/2023,0:44:52,FALSE
397,21,31,1,0.99,02/04/2023,4:46:43,FALSE
398,21,14,1,5.99,04/04/2023,20:51:32,TRUE
399,21,3,1,6.99,07/04/2023,19:47:21,TRUE
399,21,28,1,0.99,07/04/2023,11:41:04,TRUE
400,21,18,1,6.99,14/04/2023,7:02:15,TRUE
400,21,35,1,0.99,14/04/2023,3:53:49,TRUE
401,21,8,1,5.99,16/04/2023,18:50:42,FALSE
401,21,35,1,0.99,16/04/2023,13:11:25,FALSE
402,21,7,1,4.99,19/04/2023,15:19:21,TRUE
402,21,32,1,0.99,19/04/2023,1:58:26,TRUE
403,21,23,1,5.99,10/05/2023,0:06:23,TRUE
403,21,27,1,0.99,10/05/2023,9:48:45,TRUE
404,21,15,1,6.99,11/05/2023,21:48:57,TRUE
405,21,24,1,6.99,19/05/2023,9:11:39,TRUE
405,21,36,1,0.99,19/05/2023,12:52:32,TRUE
406,21,22,1,4.99,08/06/2023,18:42:57,TRUE
406,21,32,1,0.99,08/06/2023,1:12:50,TRUE
407,21,15,1,6.99,11/06/2023,9:17:52,FALSE
407,21,33,1,0.99,11/06/2023,13:21:03,FALSE
408,22,16,1,4.99,10/01/2023,17:29:01,TRUE
409,22,19,1,4.99,24/01/2023,20:45:34,TRUE
410,22,18,1,6.99,27/01/2023,14:47:12,TRUE
410,22,33,1,0.99,27/01/2023,5:20:05,TRUE
411,22,13,1,4.99,06/02/2023,22:41:11,TRUE
412,22,4,1,4.99,12/02/2023,12:56:49,FALSE
412,22,28,1,0.99,12/02/2023,2:46:05,FALSE
413,22,15,1,6.99,26/02/2023,8:43:47,FALSE
414,22,21,1,6.99,27/02/2023,10:41:43,TRUE
415,22,23,1,5.99,07/03/2023,11:44:14,TRUE
416,22,19,1,4.99,01/04/2023,23:28:05,FALSE
417,22,5,1,5.99,08/04/2023,6:37:17,FALSE
418,22,23,1,5.99,20/04/2023,21:41:18,TRUE
418,22,32,1,0.99,20/04/2023,17:13:08,TRUE
419,22,11,1,5.99,10/05/2023,9:37:19,TRUE
420,23,17,1,5.99,11/01/2023,14:09:28,TRUE
420,23,29,1,0.99,11/01/2023,19:37:16,TRUE
421,23,1,1,4.99,18/01/2023,20:20:39,TRUE
421,23,25,1,0.99,18/01/2023,18:52:52,TRUE
422,23,17,1,5.99,03/02/2023,6:12:17,TRUE
423,23,12,1,6.99,22/02/2023,12:35:15,TRUE
423,23,29,1,0.99,22/02/2023,6:30:31,TRUE
424,23,10,1,4.99,10/03/2023,22:44:12,TRUE
424,23,30,1,0.99,10/03/2023,7:24:25,TRUE
425,23,9,1,6.99,26/03/2023,5:10:06,FALSE
425,23,36,1,0.99,26/03/2023,15:17:52,FALSE
426,23,17,1,5.99,04/04/2023,23:42:52,TRUE
426,23,30,1,0.99,04/04/2023,19:46:01,TRUE
427,23,10,1,4.99,06/04/2023,4:23:13,TRUE
428,23,11,1,5.99,06/05/2023,22:37:48,FALSE
429,23,1,1,4.99,10/05/2023,0:45:45,TRUE
429,23,30,1,0.99,10/05/2023,20:38:10,TRUE
430,23,12,1,6.99,26/05/2023,20:35:29,TRUE
431,23,9,1,6.99,07/06/2023,18:46:16,TRUE
432,23,23,1,5.99,18/06/2023,21:44:16,FALSE
432,23,28,1,0.99,18/06/2023,12:13:08,FALSE
433,24,17,1,5.99,04/01/2023,11:51:51,TRUE
433,24,29,1,0.99,04/01/2023,17:03:16,TRUE
434,24,12,1,6.99,27/01/2023,23:02:23,TRUE
435,24,17,1,5.99,01/02/2023,2:32:02,TRUE
436,24,7,1,4.99,10/02/2023,20:08:43,TRUE
437,24,2,1,5.99,23/02/2023,21:45:46,TRUE
437,24,36,1,0.99,23/02/2023,16:21:56,TRUE
438,24,21,1,6.99,07/03/2023,3:15:14,TRUE
439,24,22,1,4.99,09/03/2023,20:56:54,TRUE
439,24,32,1,0.99,09/03/2023,21:19:01,TRUE
440,24,23,1,5.99,15/03/2023,13:00:11,TRUE
441,24,9,1,6.99,22/03/2023,18:50:21,TRUE
441,24,34,1,0.99,22/03/2023,13:24:39,TRUE
442,24,16,1,4.99,03/04/2023,2:25:40,TRUE
442,24,32,1,0.99,03/04/2023,14:22:21,TRUE
443,24,6,1,6.99,06/04/2023,23:08:05,TRUE
443,24,33,1,0.99,06/04/2023,7:22:17,TRUE
444,24,3,1,6.99,14/04/2023,5:52:47,TRUE
444,24,28,1,0.99,14/04/2023,12:37:41,TRUE
445,24,3,1,6.99,18/04/2023,2:44:50,TRUE
445,24,25,1,0.99,18/04/2023,13:32:24,TRUE
446,24,16,1,4.99,03/05/2023,15:34:56,TRUE
446,24,31,1,0.99,03/05/2023,9:58:20,TRUE
447,24,14,1,5.99,05/05/2023,7:54:45,TRUE
448,24,14,1,5.99,13/06/2023,3:23:41,TRUE
449,24,20,1,5.99,16/06/2023,11:05:14,TRUE
450,24,16,1,4.99,21/06/2023,0:06:16,TRUE
450,24,28,1,0.99,21/06/2023,21:16:30,TRUE
451,25,12,1,6.99,02/01/2023,9:45:32,TRUE
452,25,24,1,6.99,22/01/2023,7:01:09,FALSE
452,25,26,1,0.99,22/01/2023,23:15:39,FALSE
453,25,21,1,6.99,10/02/2023,15:18:13,TRUE
454,25,11,1,5.99,18/03/2023,20:09:39,FALSE
454,25,29,1,0.99,18/03/2023,19:46:08,FALSE
455,25,5,1,5.99,19/03/2023,21:19:09,FALSE
455,25,29,1,0.99,19/03/2023,0:13:45,FALSE
456,25,17,1,5.99,21/03/2023,2:33:57,TRUE
457,25,24,1,6.99,30/04/2023,6:49:34,FALSE
457,25,28,1,0.99,30/04/2023,15:00:14,FALSE
458,25,14,1,5.99,11/05/2023,1:59:03,TRUE
459,25,23,1,5.99,12/05/2023,10:35:48,TRUE
460,25,11,1,5.99,07/06/2023,21:31:20,TRUE
460,25,34,1,0.99,07/06/2023,17:09:41,TRUE
461,25,21,1,6.99,25/06/2023,6:02:48,FALSE
461,25,32,1,0.99,25/06/2023,8:48:13,FALSE
462,26,20,1,5.99,11/01/2023,16:29:00,TRUE
463,26,11,1,5.99,15/01/2023,9:32:44,FALSE
464,26,7,1,4.99,06/02/2023,3:07:23,TRUE
464,26,26,1,0.99,06/02/2023,3:24:54,TRUE
465,26,20,1,5.99,12/02/2023,20:46:48,FALSE
465,26,25,1,0.99,12/02/2023,5:55:24,FALSE
466,26,5,1,5.99,17/02/2023,12:37:30,TRUE
467,26,5,1,5.99,25/03/2023,4:15:27,FALSE
467,26,27,1,0.99,25/03/2023,3:33:17,FALSE
468,26,2,1,5.99,10/05/2023,21:14:41,TRUE
468,26,34,1,0.99,10/05/2023,8:57:37,TRUE
469,26,11,1,5.99,25/05/2023,20:23:05,TRUE
469,26,25,1,0.99,25/05/2023,22:57:01,TRUE
470,26,24,1,6.99,11/06/2023,6:52:29,FALSE
470,26,31,1,0.99,11/06/2023,20:27:50,FALSE
471,26,10,1,4.99,13/06/2023,22:25:07,TRUE
471,26,33,1,0.99,13/06/2023,22:47:46,TRUE
472,26,6,1,6.99,25/06/2023,17:21:39,FALSE
473,26,23,1,5.99,26/06/2023,18:06:19,TRUE
473,26,27,1,0.99,26/06/2023,18:59:27,TRUE
474,27,20,1,5.99,04/01/2023,1:28:32,TRUE
474,27,33,1,0.99,04/01/2023,18:16:16,TRUE
475,27,5,1,5.99,13/01/2023,0:43:04,TRUE
475,27,28,1,0.99,13/01/2023,19:24:55,TRUE
476,27,24,1,6.99,16/01/2023,1:50:08,TRUE
476,27,28,1,0.99,16/01/2023,17:30:54,TRUE
477,27,24,1,6.99,07/02/2023,18:41:54,TRUE
478,27,10,1,4.99,14/02/2023,3:42:32,TRUE
479,27,12,1,6.99,15/02/2023,14:10:28,TRUE
480,27,7,1,4.99,17/02/2023,19:30:13,TRUE
480,27,33,1,0.99,17/02/2023,14:28:52,TRUE
481,27,4,1,4.99,23/02/2023,0:13:07,TRUE
482,27,19,1,4.99,28/02/2023,13:35:51,TRUE
483,27,15,1,6.99,16/03/2023,21:02:10,TRUE
483,27,35,1,0.99,16/03/2023,5:17:31,TRUE
484,27,3,1,6.99,11/04/2023,4:24:37,TRUE
485,27,7,1,4.99,13/04/2023,4:09:50,TRUE
486,27,7,1,4.99,20/04/2023,17:40:32,TRUE
486,27,27,1,0.99,20/04/2023,22:31:10,TRUE
487,27,22,1,4.99,08/05/2023,0:07:40,TRUE
487,27,31,1,0.99,08/05/2023,16:50:25,TRUE
488,27,23,1,5.99,10/05/2023,9:22:29,TRUE
489,27,17,1,5.99,11/05/2023,6:25:08,TRUE
489,27,25,1,0.99,11/05/2023,2:20:55,TRUE
490,27,9,1,6.99,15/05/2023,1:27:18,TRUE
490,27,27,1,0.99,15/05/2023,8:32:36,TRUE
491,27,13,1,4.99,17/05/2023,20:47:43,TRUE
492,27,17,1,5.99,19/05/2023,6:11:27,TRUE
492,27,30,1,0.99,19/05/2023,17:05:48,TRUE
493,27,6,1,6.99,22/05/2023,2:23:39,TRUE
493,27,29,1,0.99,22/05/2023,3:08:29,TRUE
494,27,4,1,4.99,30/05/2023,15:54:47,TRUE
494,27,34,1,0.99,30/05/2023,4:13:10,TRUE
495,27,12,1,6.99,01/06/2023,22:36:26,TRUE
496,27,5,1,5.99,05/06/2023,17:00:02,TRUE
496,27,29,1,0.99,05/06/2023,23:17:55,TRUE
497,28,7,1,4.99,08/01/2023,0:20:35,FALSE
497,28,20,1,5.99,08/01/2023,8:46:17,FALSE
497,28,36,1,0.99,08/01/2023,16:29:18,FALSE
497,28,29,1,0.99,08/01/2023,23:32:59,FALSE
498,28,3,1,6.99,28/01/2023,5:45:44,FALSE
498,28,17,1,5.99,28/01/2023,16:24:50,FALSE
498,28,33,1,0.99,28/01/2023,2:17:00,FALSE
499,28,23,1,5.99,29/01/2023,21:31:00,FALSE
499,28,27,1,0.99,29/01/2023,18:32:29,FALSE
500,28,14,1,5.99,04/02/2023,7:07:21,FALSE
500,28,5,1,5.99,04/02/2023,6:02:39,FALSE
500,28,27,1,0.99,04/02/2023,21:26:53,FALSE
501,28,3,1,6.99,26/02/2023,23:14:15,FALSE
501,28,29,1,0.99,26/02/2023,8:33:41,FALSE
501,28,31,1,0.99,26/02/2023,2:23:45,FALSE
502,28,13,1,4.99,12/03/2023,15:04:47,FALSE
502,28,15,1,6.99,12/03/2023,5:47:11,FALSE
502,28,26,1,0.99,12/03/2023,0:25:22,FALSE
503,28,19,1,4.99,20/05/2023,14:11:48,FALSE
503,28,11,1,5.99,20/05/2023,16:12:56,FALSE
503,28,30,1,0.99,20/05/2023,5:43:44,FALSE
504,28,8,1,5.99,04/06/2023,13:25:07,FALSE
504,28,34,1,0.99,04/06/2023,1:58:03,FALSE
505,29,11,1,5.99,05/01/2023,15:58:28,TRUE
505,29,32,1,0.99,05/01/2023,12:49:06,TRUE
506,29,16,1,4.99,09/01/2023,21:38:03,TRUE
507,29,17,1,5.99,20/01/2023,11:25:10,TRUE
508,29,10,1,4.99,22/01/2023,7:17:43,FALSE
508,29,30,1,0.99,22/01/2023,10:19:50,FALSE
509,29,9,1,6.99,27/01/2023,0:06:57,TRUE
509,29,29,1,0.99,27/01/2023,12:27:29,TRUE
510,29,24,1,6.99,10/02/2023,1:55:05,TRUE
510,29,35,1,0.99,10/02/2023,9:28:40,TRUE
511,29,11,1,5.99,15/02/2023,4:55:58,TRUE
512,29,8,1,5.99,23/02/2023,4:15:55,TRUE
512,29,29,1,0.99,23/02/2023,20:50:41,TRUE
513,29,23,1,5.99,02/03/2023,1:54:01,TRUE
514,29,21,1,6.99,08/04/2023,14:25:23,FALSE
515,29,15,1,6.99,13/04/2023,12:33:09,TRUE
515,29,35,1,0.99,13/04/2023,11:59:12,TRUE
516,29,4,1,4.99,16/05/2023,3:11:49,TRUE
517,29,22,1,4.99,15/06/2023,10:13:53,TRUE
517,29,36,1,0.99,15/06/2023,20:43:54,TRUE
518,29,5,1,5.99,21/06/2023,22:26:22,TRUE
519,29,5,1,5.99,25/06/2023,3:50:29,FALSE
519,29,30,1,0.99,25/06/2023,8:52:21,FALSE
520,30,15,1,6.99,08/01/2023,18:53:58,FALSE
521,30,3,1,6.99,15/01/2023,19:35:18,FALSE
521,30,25,1,0.99,15/01/2023,8:05:27,FALSE
522,30,11,1,5.99,05/02/2023,8:03:35,FALSE
522,30,31,1,0.99,05/02/2023,17:41:34,FALSE
523,30,19,1,4.99,06/02/2023,15:19:25,TRUE
523,30,33,1,0.99,06/02/2023,18:47:38,TRUE
524,30,19,1,4.99,20/03/2023,3:40:39,TRUE
525,30,6,1,6.99,21/03/2023,1:49:02,TRUE
526,30,18,1,6.99,14/04/2023,12:14:38,TRUE
527,30,15,1,6.99,18/04/2023,18:57:29,TRUE
527,30,36,1,0.99,18/04/2023,17:41:30,TRUE
528,30,2,1,5.99,13/05/2023,13:08:51,FALSE
529,30,9,1,6.99,21/05/2023,20:48:44,FALSE
529,30,29,1,0.99,21/05/2023,17:27:42,FALSE
530,30,1,1,4.99,23/05/2023,23:18:54,TRUE
530,30,31,1,0.99,23/05/2023,11:19:32,TRUE
531,30,8,1,5.99,02/06/2023,17:03:09,TRUE
532,30,12,1,6.99,07/06/2023,9:09:46,TRUE
532,30,31,1,0.99,07/06/2023,15:10:09,TRUE
533,30,14,1,5.99,10/06/2023,11:57:54,FALSE
534,31,7,1,4.99,04/01/2023,12:57:23,TRUE
534,31,32,1,0.99,04/01/2023,10:21:57,TRUE
535,31,2,1,5.99,05/01/2023,1:24:02,TRUE
536,31,3,1,6.99,12/01/2023,3:52:01,TRUE
536,31,36,1,0.99,12/01/2023,4:41:24,TRUE
537,31,16,1,4.99,16/01/2023,2:42:51,TRUE
537,31,28,1,0.99,16/01/2023,21:25:29,TRUE
538,31,19,1,4.99,17/01/2023,13:49:45,TRUE
538,31,31,1,0.99,17/01/2023,17:10:36,TRUE
539,31,8,1,5.99,25/01/2023,2:25:20,TRUE
540,31,7,1,4.99,07/02/2023,15:12:47,TRUE
540,31,32,1,0.99,07/02/2023,13:49:51,TRUE
541,31,8,1,5.99,09/02/2023,11:44:00,TRUE
542,31,14,1,5.99,14/02/2023,7:14:43,TRUE
543,31,15,1,6.99,17/02/2023,4:59:29,TRUE
544,31,11,1,5.99,22/02/2023,11:11:44,TRUE
545,31,21,1,6.99,24/02/2023,8:12:50,TRUE
546,31,15,1,6.99,27/02/2023,13:24:42,TRUE
546,31,35,1,0.99,27/02/2023,15:37:57,TRUE
547,31,8,1,5.99,03/03/2023,17:10:43,TRUE
548,31,9,1,6.99,08/03/2023,23:28:26,TRUE
549,31,7,1,4.99,09/03/2023,6:44:01,TRUE
550,31,17,1,5.99,10/03/2023,12:14:00,TRUE
550,31,35,1,0.99,10/03/2023,18:54:30,TRUE
551,31,12,1,6.99,14/03/2023,5:51:27,TRUE
552,31,8,1,5.99,16/03/2023,18:45:37,TRUE
553,31,9,1,6.99,17/03/2023,21:49:39,TRUE
554,31,11,1,5.99,20/03/2023,12:41:44,TRUE
555,31,24,1,6.99,22/03/2023,11:23:20,TRUE
556,31,14,1,5.99,04/04/2023,23:47:10,TRUE
556,31,33,1,0.99,04/04/2023,14:00:43,TRUE
557,31,20,1,5.99,10/04/2023,17:05:09,TRUE
557,31,30,1,0.99,10/04/2023,9:53:09,TRUE
558,31,13,1,4.99,18/04/2023,1:25:23,TRUE
558,31,31,1,0.99,18/04/2023,9:50:40,TRUE
559,31,8,1,5.99,26/04/2023,22:34:41,TRUE
559,31,28,1,0.99,26/04/2023,9:52:25,TRUE
560,31,2,1,5.99,05/05/2023,15:26:12,TRUE
560,31,26,1,0.99,05/05/2023,11:31:23,TRUE
561,31,17,1,5.99,25/05/2023,20:44:14,TRUE
561,31,36,1,0.99,25/05/2023,10:25:15,TRUE
562,31,4,1,4.99,09/06/2023,22:01:47,TRUE
563,31,8,1,5.99,20/06/2023,13:16:21,TRUE
563,31,31,1,0.99,20/06/2023,7:10:08,TRUE
564,31,7,1,4.99,23/06/2023,3:45:40,TRUE
564,31,30,1,0.99,23/06/2023,14:06:17,TRUE
565,31,18,1,6.99,29/06/2023,0:33:31,TRUE
566,32,11,1,5.99,06/01/2023,10:05:17,TRUE
566,32,36,1,0.99,06/01/2023,5:35:06,TRUE
567,32,22,1,4.99,25/01/2023,5:11:33,TRUE
568,32,23,1,5.99,03/02/2023,9:11:11,TRUE
569,32,21,1,6.99,07/02/2023,22:42:46,TRUE
569,32,30,1,0.99,07/02/2023,23:58:02,TRUE
570,32,17,1,5.99,10/02/2023,8:54:53,TRUE
571,32,1,1,4.99,14/02/2023,10:53:49,TRUE
571,32,36,1,0.99,14/02/2023,9:01:51,TRUE
572,32,7,1,4.99,21/02/2023,20:30:51,TRUE
573,32,5,1,5.99,26/02/2023,3:31:46,FALSE
573,32,29,1,0.99,26/02/2023,22:25:17,FALSE
574,32,16,1,4.99,05/03/2023,17:36:34,FALSE
574,32,28,1,0.99,05/03/2023,15:45:46,FALSE
575,32,1,1,4.99,28/03/2023,20:23:45,TRUE
576,32,9,1,6.99,07/05/2023,17:34:37,FALSE
577,32,2,1,5.99,19/05/2023,19:05:05,TRUE
577,32,35,1,0.99,19/05/2023,5:48:49,TRUE
578,32,12,1,6.99,03/06/2023,14:29:59,FALSE
579,32,18,1,6.99,12/06/2023,22:39:42,TRUE
580,33,20,1,5.99,03/01/2023,10:43:00,TRUE
581,33,24,1,6.99,14/01/2023,7:26:29,FALSE
582,33,1,1,4.99,25/01/2023,15:57:10,TRUE
582,33,28,1,0.99,25/01/2023,4:54:09,TRUE
583,33,17,1,5.99,13/02/2023,14:55:44,TRUE
584,33,17,1,5.99,20/02/2023,6:14:45,TRUE
585,33,2,1,5.99,08/03/2023,13:55:00,TRUE
585,33,31,1,0.99,08/03/2023,8:29:33,TRUE
586,33,9,1,6.99,10/03/2023,0:11:07,TRUE
587,33,24,1,6.99,21/03/2023,3:42:19,TRUE
587,33,35,1,0.99,21/03/2023,0:14:20,TRUE
588,33,10,1,4.99,06/04/2023,6:38:05,TRUE
589,33,12,1,6.99,09/04/2023,11:47:29,FALSE
589,33,26,1,0.99,09/04/2023,14:52:36,FALSE
590,33,14,1,5.99,17/05/2023,16:32:37,TRUE
591,33,4,1,4.99,23/05/2023,8:40:00,TRUE
591,33,26,1,0.99,23/05/2023,14:52:38,TRUE
592,33,4,1,4.99,06/06/2023,8:14:43,TRUE
593,34,20,1,5.99,08/01/2023,23:45:13,FALSE
594,34,13,1,4.99,23/01/2023,19:27:47,TRUE
595,34,21,1,6.99,08/02/2023,13:29:50,TRUE
596,34,21,1,6.99,04/03/2023,2:07:08,FALSE
596,34,25,1,0.99,04/03/2023,2:12:15,FALSE
597,34,5,1,5.99,18/03/2023,1:09:00,FALSE
598,34,19,1,4.99,20/03/2023,5:05:45,TRUE
599,34,11,1,5.99,20/04/2023,1:32:16,TRUE
600,34,14,1,5.99,30/05/2023,8:33:00,TRUE
601,34,4,1,4.99,14/06/2023,13:42:18,TRUE
602,35,13,1,4.99,04/01/2023,11:19:24,TRUE
602,35,35,1,0.99,04/01/2023,20:47:55,TRUE
603,35,20,1,5.99,12/01/2023,17:46:05,TRUE
603,35,29,1,0.99,12/01/2023,20:48:59,TRUE
604,35,21,1,6.99,17/01/2023,9:34:45,TRUE
604,35,36,1,0.99,17/01/2023,21:16:31,TRUE
605,35,12,1,6.99,18/01/2023,11:04:30,TRUE
605,35,33,1,0.99,18/01/2023,23:33:00,TRUE
606,35,24,1,6.99,20/01/2023,3:42:31,TRUE
607,35,17,1,5.99,26/01/2023,1:04:15,TRUE
608,35,24,1,6.99,30/01/2023,9:09:12,TRUE
608,35,36,1,0.99,30/01/2023,18:37:47,TRUE
609,35,8,1,5.99,15/02/2023,13:49:11,TRUE
609,35,30,1,0.99,15/02/2023,13:51:10,TRUE
610,35,9,1,6.99,16/02/2023,6:35:02,TRUE
611,35,20,1,5.99,21/02/2023,13:37:01,TRUE
612,35,16,1,4.99,24/02/2023,23:03:58,TRUE
613,35,20,1,5.99,27/02/2023,1:30:45,TRUE
614,35,16,1,4.99,27/03/2023,22:22:16,TRUE
615,35,12,1,6.99,31/03/2023,19:02:30,TRUE
615,35,34,1,0.99,31/03/2023,13:16:42,TRUE
616,35,12,1,6.99,04/04/2023,4:35:55,TRUE
617,35,5,1,5.99,06/04/2023,7:05:10,TRUE
617,35,35,1,0.99,06/04/2023,2:56:42,TRUE
618,35,11,1,5.99,20/04/2023,1:59:15,TRUE
619,35,2,1,5.99,21/04/2023,19:55:54,TRUE
620,35,8,1,5.99,09/05/2023,4:56:19,TRUE
620,35,34,1,0.99,09/05/2023,14:10:22,TRUE
621,35,24,1,6.99,29/05/2023,10:48:27,TRUE
622,35,12,1,6.99,13/06/2023,15:47:00,TRUE
623,35,16,1,4.99,27/06/2023,13:11:40,TRUE
624,36,24,1,6.99,20/01/2023,9:43:38,TRUE
625,36,14,1,5.99,22/01/2023,7:54:12,FALSE
625,36,31,1,0.99,22/01/2023,9:54:51,FALSE
626,36,24,1,6.99,02/02/2023,20:57:51,TRUE
626,36,25,1,0.99,02/02/2023,0:05:14,TRUE
627,36,1,1,4.99,02/03/2023,2:35:21,TRUE
627,36,29,1,0.99,02/03/2023,0:25:04,TRUE
628,36,21,1,6.99,16/03/2023,7:14:38,TRUE
628,36,33,1,0.99,16/03/2023,0:59:54,TRUE
629,36,5,1,5.99,17/03/2023,20:27:00,TRUE
630,36,24,1,6.99,23/03/2023,6:17:04,TRUE
630,36,36,1,0.99,23/03/2023,4:40:26,TRUE
631,36,8,1,5.99,27/03/2023,16:25:29,TRUE
632,36,20,1,5.99,13/05/2023,16:58:44,FALSE
633,36,21,1,6.99,19/05/2023,3:33:17,TRUE
633,36,36,1,0.99,19/05/2023,12:45:26,TRUE
634,36,15,1,6.99,21/05/2023,7:50:51,FALSE
635,36,7,1,4.99,31/05/2023,16:39:42,TRUE
635,36,27,1,0.99,31/05/2023,18:19:55,TRUE
636,36,15,1,6.99,04/06/2023,1:29:05,FALSE
636,36,27,1,0.99,04/06/2023,18:41:44,FALSE
637,36,3,1,6.99,05/06/2023,19:46:22,TRUE
638,36,7,1,4.99,10/06/2023,22:19:08,FALSE
639,37,11,1,5.99,07/01/2023,13:32:03,FALSE
639,37,31,1,0.99,07/01/2023,20:30:10,FALSE
640,37,23,1,5.99,11/01/2023,13:45:43,TRUE
641,37,19,1,4.99,17/01/2023,6:08:29,TRUE
641,37,25,1,0.99,17/01/2023,4:27:20,TRUE
642,37,15,1,6.99,03/02/2023,15:59:25,TRUE
643,37,7,1,4.99,05/02/2023,9:34:12,FALSE
644,37,10,1,4.99,02/03/2023,15:38:23,TRUE
645,37,2,1,5.99,16/03/2023,3:09:47,TRUE
646,37,14,1,5.99,27/03/2023,22:47:21,TRUE
647,37,24,1,6.99,31/03/2023,22:20:26,TRUE
647,37,26,1,0.99,31/03/2023,13:59:19,TRUE
648,37,20,1,5.99,01/04/2023,10:09:42,FALSE
649,37,23,1,5.99,08/04/2023,18:26:16,FALSE
650,37,23,1,5.99,17/04/2023,2:33:24,TRUE
650,37,34,1,0.99,17/04/2023,1:12:00,TRUE
651,37,7,1,4.99,03/05/2023,10:17:33,TRUE
651,37,30,1,0.99,03/05/2023,18:23:02,TRUE
652,37,2,1,5.99,10/05/2023,23:46:59,TRUE
653,37,14,1,5.99,20/05/2023,10:17:04,FALSE
653,37,36,1,0.99,20/05/2023,9:07:55,FALSE
654,37,24,1,6.99,25/05/2023,1:52:58,TRUE
654,37,27,1,0.99,25/05/2023,17:43:26,TRUE
655,37,7,1,4.99,28/05/2023,9:24:40,FALSE
655,37,25,1,0.99,28/05/2023,19:46:28,FALSE
656,37,2,1,5.99,06/06/2023,1:51:28,TRUE
657,38,9,1,6.99,21/01/2023,11:01:29,FALSE
658,38,2,1,5.99,25/01/2023,17:00:20,TRUE
659,38,21,1,6.99,18/02/2023,2:53:05,FALSE
660,38,12,1,6.99,25/03/2023,18:33:08,FALSE
661,38,18,1,6.99,31/03/2023,22:00:25,TRUE
661,38,31,1,0.99,31/03/2023,6:24:45,TRUE
662,38,9,1,6.99,13/05/2023,18:17:02,FALSE
662,38,33,1,0.99,13/05/2023,19:28:42,FALSE
663,38,19,1,4.99,28/05/2023,15:18:06,FALSE
663,38,36,1,0.99,28/05/2023,23:49:23,FALSE
664,38,4,1,4.99,05/06/2023,23:04:33,TRUE
664,38,28,1,0.99,05/06/2023,0:49:42,TRUE
665,38,6,1,6.99,15/06/2023,19:58:46,TRUE
666,38,2,1,5.99,17/06/2023,7:56:44,FALSE
667,39,21,1,6.99,11/01/2023,14:18:18,TRUE
667,39,31,1,0.99,11/01/2023,21:40:34,TRUE
668,39,7,1,4.99,15/01/2023,2:22:17,FALSE
668,39,29,1,0.99,15/01/2023,21:06:11,FALSE
669,39,15,1,6.99,16/01/2023,15:33:18,TRUE
669,39,36,1,0.99,16/01/2023,2:41:01,TRUE
670,39,14,1,5.99,23/01/2023,21:54:16,TRUE
671,39,12,1,6.99,25/01/2023,23:31:09,TRUE
672,39,13,1,4.99,25/02/2023,9:18:19,FALSE
672,39,33,1,0.99,25/02/2023,17:47:35,FALSE
673,39,3,1,6.99,15/03/2023,6:06:27,TRUE
674,39,1,1,4.99,26/04/2023,2:33:53,TRUE
675,39,10,1,4.99,10/05/2023,2:47:07,TRUE
675,39,34,1,0.99,10/05/2023,7:21:13,TRUE
676,39,10,1,4.99,27/05/2023,7:23:12,FALSE
676,39,28,1,0.99,27/05/2023,16:03:46,FALSE
677,39,19,1,4.99,06/06/2023,14:40:45,TRUE
678,39,23,1,5.99,07/06/2023,21:44:53,TRUE
678,39,33,1,0.99,07/06/2023,3:41:51,TRUE
679,40,22,1,4.99,04/01/2023,16:06:49,TRUE
680,40,14,1,5.99,10/01/2023,16:36:50,TRUE
681,40,4,1,4.99,12/01/2023,10:30:22,TRUE
681,40,33,1,0.99,12/01/2023,14:52:58,TRUE
682,40,7,1,4.99,24/01/2023,6:28:05,TRUE
682,40,34,1,0.99,24/01/2023,22:16:50,TRUE
683,40,11,1,5.99,25/01/2023,12:56:27,TRUE
684,40,22,1,4.99,01/02/2023,18:53:51,TRUE
685,40,15,1,6.99,02/02/2023,2:08:34,TRUE
685,40,33,1,0.99,02/02/2023,15:33:10,TRUE
686,40,23,1,5.99,23/02/2023,7:50:16,TRUE
687,40,4,1,4.99,01/03/2023,3:09:45,TRUE
688,40,7,1,4.99,02/03/2023,4:47:35,TRUE
689,40,24,1,6.99,09/03/2023,13:56:30,TRUE
689,40,33,1,0.99,09/03/2023,18:01:54,TRUE
690,40,21,1,6.99,07/04/2023,21:35:11,TRUE
690,40,34,1,0.99,07/04/2023,0:41:01,TRUE
691,40,7,1,4.99,20/04/2023,20:42:46,TRUE
692,40,21,1,6.99,26/04/2023,2:23:13,TRUE
693,40,16,1,4.99,08/05/2023,17:36:42,TRUE
694,40,20,1,5.99,24/05/2023,18:50:18,TRUE
695,40,11,1,5.99,29/05/2023,2:45:20,TRUE
695,40,36,1,0.99,29/05/2023,5:07:25,TRUE
696,40,22,1,4.99,01/06/2023,9:07:23,TRUE
696,40,32,1,0.99,01/06/2023,23:28:11,TRUE
697,40,5,1,5.99,06/06/2023,14:46:55,TRUE
698,40,13,1,4.99,15/06/2023,18:59:46,TRUE
699,40,2,1,5.99,28/06/2023,13:49:20,TRUE
700,41,7,1,4.99,10/01/2023,21:41:33,TRUE
700,41,32,1,0.99,10/01/2023,15:02:26,TRUE
701,41,24,1,6.99,03/02/2023,10:02:36,TRUE
701,41,32,1,0.99,03/02/2023,0:53:57,TRUE
702,41,11,1,5.99,19/02/2023,23:12:24,FALSE
703,41,1,1,4.99,22/02/2023,23:19:13,TRUE
704,41,18,1,6.99,24/03/2023,12:54:05,TRUE
705,41,1,1,4.99,19/04/2023,20:37:38,TRUE
705,41,30,1,0.99,19/04/2023,17:39:55,TRUE
706,41,2,1,5.99,22/04/2023,17:03:16,FALSE
707,41,5,1,5.99,10/05/2023,22:01:12,TRUE
708,41,24,1,6.99,15/05/2023,0:05:34,TRUE
709,41,18,1,6.99,05/06/2023,2:19:40,TRUE
710,42,1,1,4.99,07/01/2023,10:19:22,FALSE
710,42,32,1,0.99,07/01/2023,5:18:18,FALSE
711,42,21,1,6.99,09/01/2023,10:39:20,TRUE
712,42,24,1,6.99,18/01/2023,1:11:10,TRUE
712,42,26,1,0.99,18/01/2023,10:04:06,TRUE
713,42,5,1,5.99,19/01/2023,6:51:18,TRUE
714,42,14,1,5.99,11/02/2023,21:13:51,FALSE
715,42,7,1,4.99,24/02/2023,9:15:12,TRUE
716,42,8,1,5.99,18/03/2023,18:13:17,FALSE
717,42,19,1,4.99,25/03/2023,14:42:56,FALSE
717,42,31,1,0.99,25/03/2023,19:36:34,FALSE
718,42,15,1,6.99,28/03/2023,22:00:13,TRUE
718,42,32,1,0.99,28/03/2023,2:37:46,TRUE
719,42,11,1,5.99,19/04/2023,16:56:51,TRUE
719,42,31,1,0.99,19/04/2023,0:00:18,TRUE
720,42,18,1,6.99,21/04/2023,14:29:04,TRUE
721,42,15,1,6.99,22/04/2023,13:08:43,FALSE
722,42,5,1,5.99,08/05/2023,4:54:25,TRUE
722,42,28,1,0.99,08/05/2023,17:37:33,TRUE
723,42,9,1,6.99,12/05/2023,3:39:26,TRUE
723,42,29,1,0.99,12/05/2023,13:38:21,TRUE
724,42,7,1,4.99,14/05/2023,17:38:51,FALSE
725,42,23,1,5.99,28/05/2023,21:55:46,FALSE
725,42,35,1,0.99,28/05/2023,7:51:02,FALSE
726,42,3,1,6.99,30/05/2023,15:17:18,TRUE
727,42,7,1,4.99,06/06/2023,18:36:59,TRUE
727,42,30,1,0.99,06/06/2023,23:27:28,TRUE
728,42,15,1,6.99,26/06/2023,2:54:15,TRUE
729,43,4,1,4.99,05/01/2023,19:58:53,TRUE
730,43,10,1,4.99,10/01/2023,21:14:47,TRUE
730,43,33,1,0.99,10/01/2023,0:36:53,TRUE
731,43,8,1,5.99,18/01/2023,9:38:30,TRUE
732,43,8,1,5.99,25/01/2023,12:11:04,TRUE
733,43,13,1,4.99,31/01/2023,4:05:55,TRUE
734,43,22,1,4.99,02/02/2023,13:23:11,TRUE
735,43,14,1,5.99,10/02/2023,8:33:14,TRUE
735,43,35,1,0.99,10/02/2023,23:23:33,TRUE
736,43,13,1,4.99,16/02/2023,8:19:17,TRUE
736,43,30,1,0.99,16/02/2023,3:47:59,TRUE
737,43,2,1,5.99,27/02/2023,20:46:13,TRUE
737,43,36,1,0.99,27/02/2023,2:33:55,TRUE
738,43,23,1,5.99,10/03/2023,8:52:37,TRUE
738,43,28,1,0.99,10/03/2023,18:17:38,TRUE
739,43,14,1,5.99,14/03/2023,8:50:09,TRUE
739,43,32,1,0.99,14/03/2023,0:17:46,TRUE
740,43,21,1,6.99,15/03/2023,7:14:29,TRUE
740,43,31,1,0.99,15/03/2023,9:14:22,TRUE
741,43,15,1,6.99,22/03/2023,15:54:25,TRUE
742,43,15,1,6.99,23/03/2023,1:45:46,TRUE
742,43,35,1,0.99,23/03/2023,9:26:14,TRUE
743,43,4,1,4.99,24/03/2023,1:45:09,TRUE
743,43,31,1,0.99,24/03/2023,19:31:57,TRUE
744,43,2,1,5.99,01/05/2023,4:53:49,TRUE
745,43,1,1,4.99,02/05/2023,4:17:44,TRUE
745,43,28,1,0.99,02/05/2023,8:33:05,TRUE
746,43,21,1,6.99,05/05/2023,9:09:20,TRUE
747,43,17,1,5.99,11/05/2023,23:58:32,TRUE
748,43,7,1,4.99,19/05/2023,2:46:52,TRUE
748,43,29,1,0.99,19/05/2023,11:31:31,TRUE
749,43,14,1,5.99,24/05/2023,11:43:03,TRUE
750,43,13,1,4.99,30/05/2023,22:19:43,TRUE
751,43,5,1,5.99,13/06/2023,9:59:38,TRUE
752,43,3,1,6.99,22/06/2023,22:35:48,TRUE
753,43,2,1,5.99,23/06/2023,4:11:40,TRUE
754,44,6,1,6.99,06/01/2023,10:23:18,TRUE
755,44,16,1,4.99,12/01/2023,14:28:18,TRUE
756,44,13,1,4.99,11/02/2023,17:54:16,FALSE
757,44,9,1,6.99,17/02/2023,0:02:49,TRUE
757,44,35,1,0.99,17/02/2023,9:41:27,TRUE
758,44,22,1,4.99,19/02/2023,16:12:30,FALSE
758,44,36,1,0.99,19/02/2023,16:49:09,FALSE
759,44,24,1,6.99,21/02/2023,18:19:35,TRUE
759,44,34,1,0.99,21/02/2023,2:38:42,TRUE
760,44,4,1,4.99,18/03/2023,15:42:43,FALSE
761,44,13,1,4.99,06/04/2023,23:44:57,TRUE
762,44,8,1,5.99,12/04/2023,6:30:18,TRUE
763,44,24,1,6.99,04/05/2023,4:17:09,TRUE
763,44,25,1,0.99,04/05/2023,4:38:27,TRUE
764,44,9,1,6.99,12/05/2023,1:43:11,TRUE
765,44,6,1,6.99,25/05/2023,9:48:52,TRUE
765,44,25,1,0.99,25/05/2023,11:19:35,TRUE
766,44,8,1,5.99,28/05/2023,20:00:09,FALSE
766,44,30,1,0.99,28/05/2023,0:25:04,FALSE
767,44,19,1,4.99,29/05/2023,18:51:53,TRUE
767,44,27,1,0.99,29/05/2023,12:42:14,TRUE
768,44,4,1,4.99,02/06/2023,12:10:00,TRUE
769,44,17,1,5.99,19/06/2023,1:11:17,TRUE
770,44,8,1,5.99,26/06/2023,10:56:08,TRUE
771,45,12,1,6.99,13/01/2023,7:38:52,TRUE
772,45,12,1,6.99,22/01/2023,16:52:45,FALSE
772,45,31,1,0.99,22/01/2023,15:39:04,FALSE
773,45,10,1,4.99,25/01/2023,1:08:04,TRUE
774,45,24,1,6.99,14/02/2023,2:18:35,TRUE
774,45,25,1,0.99,14/02/2023,21:22:46,TRUE
775,45,2,1,5.99,24/02/2023,9:22:23,TRUE
776,45,21,1,6.99,08/03/2023,7:42:15,TRUE
777,45,20,1,5.99,12/03/2023,1:11:16,FALSE
778,45,8,1,5.99,17/03/2023,11:55:40,TRUE
778,45,33,1,0.99,17/03/2023,8:57:29,TRUE
779,45,24,1,6.99,24/03/2023,20:50:46,TRUE
779,45,29,1,0.99,24/03/2023,0:44:23,TRUE
780,45,23,1,5.99,06/04/2023,0:53:30,TRUE
780,45,36,1,0.99,06/04/2023,6:26:56,TRUE
781,45,14,1,5.99,20/04/2023,18:01:38,TRUE
782,45,8,1,5.99,22/04/2023,6:14:44,FALSE
783,45,6,1,6.99,28/04/2023,19:37:51,TRUE
784,45,22,1,4.99,07/05/2023,23:42:49,FALSE
784,45,33,1,0.99,07/05/2023,13:59:18,FALSE
785,45,6,1,6.99,10/05/2023,21:37:20,TRUE
785,45,32,1,0.99,10/05/2023,2:19:32,TRUE
786,45,22,1,4.99,13/05/2023,9:29:10,FALSE
786,45,35,1,0.99,13/05/2023,5:10:19,FALSE
787,45,2,1,5.99,08/06/2023,11:56:08,TRUE
787,45,26,1,0.99,08/06/2023,2:21:46,TRUE
788,45,16,1,4.99,09/06/2023,6:52:22,TRUE
1228,70,30,1,0.99,28/05/2023,12:27:42,FALSE
1229,70,1,1,4.99,03/06/2023,5:19:29,FALSE
1229,70,36,1,0.99,03/06/2023,16:48:29,FALSE
1230,70,3,1,6.99,10/06/2023,3:30:07,FALSE
1230,70,29,1,0.99,10/06/2023,15:00:57,FALSE
1230,70,28,1,0.99,10/06/2023,17:38:31,FALSE
1231,70,21,1,6.99,11/06/2023,22:28:35,FALSE
1231,70,36,1,0.99,11/06/2023,16:54:23,FALSE
1231,70,25,1,0.99,11/06/2023,13:28:55,FALSE
1232,70,9,1,6.99,17/06/2023,15:41:52,FALSE
1232,70,2,1,5.99,17/06/2023,8:28:59,FALSE
1232,70,34,1,0.99,17/06/2023,19:39:28,FALSE
1233,70,7,1,4.99,25/06/2023,19:28:58,FALSE
1233,70,27,1,0.99,25/06/2023,3:41:48,FALSE
1233,70,36,1,0.99,25/06/2023,18:49:23,FALSE
1234,71,19,1,4.99,11/01/2023,22:19:07,TRUE
1234,71,25,1,0.99,11/01/2023,9:44:42,TRUE
1235,71,1,1,4.99,17/01/2023,17:50:12,TRUE
1236,71,20,1,5.99,25/01/2023,18:42:32,TRUE
1237,71,5,1,5.99,23/02/2023,5:43:34,TRUE
1238,71,16,1,4.99,27/02/2023,4:24:22,TRUE
1238,71,36,1,0.99,27/02/2023,21:18:00,TRUE
1239,71,20,1,5.99,01/03/2023,17:13:42,TRUE
1239,71,31,1,0.99,01/03/2023,5:16:43,TRUE
1240,71,13,1,4.99,02/03/2023,6:17:38,TRUE
1241,71,10,1,4.99,06/03/2023,7:42:46,TRUE
1242,71,9,1,6.99,21/03/2023,14:31:47,TRUE
1242,71,29,1,0.99,21/03/2023,0:33:45,TRUE
1243,71,14,1,5.99,22/03/2023,20:03:35,TRUE
1244,71,2,1,5.99,31/03/2023,4:01:25,TRUE
1245,71,21,1,6.99,03/04/2023,12:39:58,TRUE
1245,71,36,1,0.99,03/04/2023,14:24:13,TRUE
1246,71,19,1,4.99,10/04/2023,11:11:02,TRUE
1247,71,13,1,4.99,13/04/2023,7:24:11,TRUE
1247,71,25,1,0.99,13/04/2023,0:41:05,TRUE
1248,71,5,1,5.99,24/04/2023,12:50:06,TRUE
1249,71,21,1,6.99,03/05/2023,0:31:41,TRUE
1250,71,8,1,5.99,09/05/2023,3:36:02,TRUE
1250,71,25,1,0.99,09/05/2023,1:30:03,TRUE
1251,71,4,1,4.99,15/05/2023,6:20:46,TRUE
1252,71,16,1,4.99,19/05/2023,1:49:32,TRUE
1252,71,35,1,0.99,19/05/2023,13:08:04,TRUE
1253,71,21,1,6.99,05/06/2023,0:51:49,TRUE
1253,71,34,1,0.99,05/06/2023,16:47:37,TRUE
1254,71,15,1,6.99,06/06/2023,14:22:45,TRUE
1254,71,25,1,0.99,06/06/2023,9:20:06,TRUE
1255,71,21,1,6.99,15/06/2023,12:32:54,TRUE
1255,71,30,1,0.99,15/06/2023,18:59:39,TRUE
1256,71,19,1,4.99,20/06/2023,17:39:26,TRUE
1256,71,26,1,0.99,20/06/2023,7:31:36,TRUE
1257,71,23,1,5.99,27/06/2023,18:35:58,TRUE
1258,72,10,1,4.99,12/01/2023,5:08:14,TRUE
1259,72,20,1,5.99,24/01/2023,5:01:54,TRUE
1260,72,7,1,4.99,31/01/2023,17:11:46,TRUE
1261,72,4,1,4.99,19/02/2023,6:04:39,FALSE
1262,72,1,1,4.99,13/04/2023,7:35:17,TRUE
1262,72,36,1,0.99,13/04/2023,14:47:00,TRUE
1263,72,22,1,4.99,28/04/2023,10:45:37,TRUE
1264,72,16,1,4.99,29/04/2023,23:07:15,FALSE
1265,72,15,1,6.99,28/05/2023,12:07:01,FALSE
1266,72,10,1,4.99,31/05/2023,14:09:48,TRUE
1266,72,28,1,0.99,31/05/2023,10:27:53,TRUE
1267,72,4,1,4.99,29/06/2023,10:12:21,TRUE
1268,73,21,1,6.99,22/01/2023,5:01:46,FALSE
1268,73,34,1,0.99,22/01/2023,16:10:24,FALSE
1269,73,24,1,6.99,04/02/2023,12:11:08,FALSE
1269,73,23,1,5.99,04/02/2023,13:15:55,FALSE
1269,73,29,1,0.99,04/02/2023,1:40:04,FALSE
1270,73,3,1,6.99,11/02/2023,19:11:16,FALSE
1270,73,30,1,0.99,11/02/2023,0:49:33,FALSE
1270,73,29,1,0.99,11/02/2023,22:28:26,FALSE
1271,73,3,1,6.99,26/02/2023,20:45:59,FALSE
1271,73,33,1,0.99,26/02/2023,11:05:49,FALSE
1272,73,9,1,6.99,11/03/2023,4:12:44,FALSE
1272,73,29,1,0.99,11/03/2023,8:58:53,FALSE
1272,73,25,1,0.99,11/03/2023,22:39:15,FALSE
1273,73,23,1,5.99,15/04/2023,5:10:45,FALSE
1273,73,11,1,5.99,15/04/2023,16:07:37,FALSE
1273,73,34,1,0.99,15/04/2023,4:56:34,FALSE
1273,73,25,1,0.99,15/04/2023,16:58:06,FALSE
1274,73,10,1,4.99,30/04/2023,6:06:48,FALSE
1274,73,16,1,4.99,30/04/2023,16:30:09,FALSE
1274,73,29,1,0.99,30/04/2023,7:59:41,FALSE
1275,73,1,1,4.99,13/05/2023,20:17:44,FALSE
1275,73,34,1,0.99,13/05/2023,10:20:45,FALSE
1276,73,23,1,5.99,04/06/2023,9:41:09,FALSE
1276,73,25,1,0.99,04/06/2023,13:23:27,FALSE
1276,73,28,1,0.99,04/06/2023,8:13:44,FALSE
1277,73,19,1,4.99,11/06/2023,17:38:01,FALSE
1277,73,20,1,5.99,11/06/2023,13:26:53,FALSE
1277,73,27,1,0.99,11/06/2023,5:12:36,FALSE
1277,73,34,1,0.99,11/06/2023,9:47:46,FALSE
1278,73,16,1,4.99,18/06/2023,8:37:25,FALSE
1278,73,30,1,0.99,18/06/2023,13:03:46,FALSE
1278,73,34,1,0.99,18/06/2023,14:09:57,FALSE
1279,73,22,1,4.99,25/06/2023,11:48:00,FALSE
1279,73,15,1,6.99,25/06/2023,4:22:37,FALSE
1279,73,26,1,0.99,25/06/2023,11:48:53,FALSE
1280,74,20,1,5.99,06/02/2023,22:30:03,TRUE
1281,74,19,1,4.99,16/02/2023,23:11:28,TRUE
1281,74,31,1,0.99,16/02/2023,20:42:56,TRUE
1282,74,3,1,6.99,05/03/2023,5:20:04,FALSE
1283,74,21,1,6.99,06/03/2023,10:44:19,TRUE
1284,74,24,1,6.99,18/03/2023,4:01:23,FALSE
1284,74,34,1,0.99,18/03/2023,16:33:14,FALSE
1285,74,17,1,5.99,19/03/2023,20:38:44,FALSE
1286,74,24,1,6.99,25/03/2023,23:28:01,FALSE
1287,74,22,1,4.99,31/03/2023,5:53:37,TRUE
1287,74,32,1,0.99,31/03/2023,5:17:30,TRUE
1288,74,17,1,5.99,01/05/2023,20:40:38,TRUE
1289,74,6,1,6.99,18/05/2023,0:39:32,TRUE
1289,74,25,1,0.99,18/05/2023,20:56:43,TRUE
1290,74,10,1,4.99,23/05/2023,18:31:53,TRUE
1291,74,21,1,6.99,24/05/2023,12:19:45,TRUE
1291,74,31,1,0.99,24/05/2023,13:00:27,TRUE
1292,74,6,1,6.99,30/05/2023,0:13:23,TRUE
1293,74,17,1,5.99,17/06/2023,15:57:23,FALSE
1293,74,26,1,0.99,17/06/2023,10:09:47,FALSE
1294,74,10,1,4.99,19/06/2023,10:34:32,TRUE
1295,74,22,1,4.99,26/06/2023,20:15:22,TRUE
1296,74,20,1,5.99,28/06/2023,19:31:11,TRUE
1296,74,25,1,0.99,28/06/2023,2:26:45,TRUE
1297,75,1,1,4.99,01/02/2023,17:52:17,TRUE
1298,75,4,1,4.99,06/02/2023,10:18:17,TRUE
1299,75,18,1,6.99,22/02/2023,3:29:20,TRUE
1299,75,26,1,0.99,22/02/2023,1:38:10,TRUE
1300,75,4,1,4.99,07/03/2023,9:02:56,TRUE
1301,75,11,1,5.99,25/04/2023,17:57:02,TRUE
1301,75,27,1,0.99,25/04/2023,14:56:58,TRUE
1302,75,18,1,6.99,14/05/2023,6:06:55,FALSE
1303,75,1,1,4.99,29/05/2023,4:58:39,TRUE
1304,75,15,1,6.99,20/06/2023,9:23:49,TRUE
1304,75,36,1,0.99,20/06/2023,4:31:12,TRUE
1305,76,6,1,6.99,01/01/2023,21:39:25,FALSE
1305,76,27,1,0.99,01/01/2023,21:35:21,FALSE
1306,76,20,1,5.99,11/01/2023,8:35:41,TRUE
1307,76,20,1,5.99,01/02/2023,15:38:18,TRUE
1308,76,4,1,4.99,06/02/2023,13:07:22,TRUE
1309,76,22,1,4.99,18/02/2023,16:33:58,FALSE
1309,76,35,1,0.99,18/02/2023,13:44:19,FALSE
1310,76,3,1,6.99,26/03/2023,5:55:21,FALSE
1310,76,34,1,0.99,26/03/2023,9:57:56,FALSE
1311,76,16,1,4.99,08/04/2023,7:15:18,FALSE
1312,76,17,1,5.99,22/04/2023,11:44:43,FALSE
1313,76,6,1,6.99,23/04/2023,14:51:05,FALSE
1314,76,17,1,5.99,11/05/2023,16:42:14,TRUE
1314,76,25,1,0.99,11/05/2023,9:03:51,TRUE
1315,76,1,1,4.99,12/05/2023,8:47:57,TRUE
1315,76,32,1,0.99,12/05/2023,16:42:54,TRUE
1316,76,12,1,6.99,14/05/2023,5:51:24,FALSE
1317,76,11,1,5.99,16/05/2023,11:06:09,TRUE
1318,76,15,1,6.99,15/06/2023,17:47:36,TRUE
1319,76,19,1,4.99,27/06/2023,21:43:24,TRUE
1320,77,5,1,5.99,17/01/2023,12:38:51,TRUE
1320,77,29,1,0.99,17/01/2023,18:34:15,TRUE
1321,77,24,1,6.99,22/01/2023,7:34:13,FALSE
1322,77,10,1,4.99,12/02/2023,6:20:24,FALSE
1323,77,3,1,6.99,12/03/2023,20:51:51,FALSE
1323,77,35,1,0.99,12/03/2023,4:13:59,FALSE
1324,77,5,1,5.99,13/03/2023,12:23:12,TRUE
1324,77,26,1,0.99,13/03/2023,10:27:57,TRUE
1325,77,16,1,4.99,23/03/2023,7:18:55,TRUE
1325,77,31,1,0.99,23/03/2023,18:25:05,TRUE
1326,77,12,1,6.99,31/03/2023,6:39:32,TRUE
1327,77,24,1,6.99,06/04/2023,0:32:30,TRUE
1327,77,31,1,0.99,06/04/2023,9:01:36,TRUE
1328,77,22,1,4.99,01/05/2023,11:58:15,TRUE
1329,77,24,1,6.99,08/05/2023,15:59:06,TRUE
1329,77,26,1,0.99,08/05/2023,19:39:25,TRUE
1330,77,20,1,5.99,10/05/2023,15:24:41,TRUE
1330,77,36,1,0.99,10/05/2023,5:42:49,TRUE
1331,77,2,1,5.99,23/05/2023,10:39:02,TRUE
1332,77,2,1,5.99,08/06/2023,14:20:21,TRUE
1333,77,19,1,4.99,12/06/2023,4:38:23,TRUE
1333,77,25,1,0.99,12/06/2023,4:06:22,TRUE
1334,77,8,1,5.99,15/06/2023,1:31:21,TRUE
1335,77,1,1,4.99,27/06/2023,13:18:18,TRUE
1336,78,14,1,5.99,16/01/2023,12:44:37,TRUE
1336,78,36,1,0.99,16/01/2023,15:04:46,TRUE
1337,78,7,1,4.99,04/02/2023,20:49:08,FALSE
1338,78,21,1,6.99,08/02/2023,16:17:06,TRUE
1338,78,29,1,0.99,08/02/2023,23:59:14,TRUE
1339,78,11,1,5.99,12/02/2023,5:47:54,FALSE
1339,78,29,1,0.99,12/02/2023,23:44:35,FALSE
1340,78,8,1,5.99,14/02/2023,6:16:19,TRUE
1340,78,34,1,0.99,14/02/2023,3:40:55,TRUE
1341,78,22,1,4.99,05/03/2023,15:42:56,FALSE
1342,78,15,1,6.99,05/04/2023,1:20:04,TRUE
1343,78,19,1,4.99,08/04/2023,10:30:14,FALSE
1343,78,34,1,0.99,08/04/2023,17:08:45,FALSE
1344,78,17,1,5.99,11/04/2023,13:22:02,TRUE
1345,78,2,1,5.99,14/04/2023,6:33:19,TRUE
1345,78,29,1,0.99,14/04/2023,17:39:42,TRUE
1346,78,18,1,6.99,05/05/2023,9:58:29,TRUE
1346,78,32,1,0.99,05/05/2023,18:51:42,TRUE
1347,78,19,1,4.99,02/06/2023,17:50:24,TRUE
1348,78,12,1,6.99,04/06/2023,21:50:31,FALSE
1348,78,36,1,0.99,04/06/2023,2:26:15,FALSE
1349,78,21,1,6.99,09/06/2023,15:25:06,TRUE
1349,78,30,1,0.99,09/06/2023,2:29:37,TRUE
1350,78,6,1,6.99,18/06/2023,13:05:14,FALSE
1350,78,27,1,0.99,18/06/2023,16:03:34,FALSE
1351,79,22,1,4.99,10/01/2023,11:22:20,TRUE
1352,79,18,1,6.99,13/01/2023,2:31:44,TRUE
1353,79,19,1,4.99,28/01/2023,10:03:27,FALSE
1354,79,3,1,6.99,02/03/2023,15:37:28,TRUE
1354,79,31,1,0.99,02/03/2023,16:13:51,TRUE
1355,79,18,1,6.99,04/03/2023,8:31:03,FALSE
1355,79,25,1,0.99,04/03/2023,11:28:05,FALSE
1356,79,10,1,4.99,03/04/2023,5:12:23,TRUE
1357,79,16,1,4.99,21/04/2023,9:08:50,TRUE
1357,79,26,1,0.99,21/04/2023,17:31:43,TRUE
1358,79,10,1,4.99,02/05/2023,17:41:49,TRUE
1359,79,4,1,4.99,03/05/2023,9:37:39,TRUE
1360,79,10,1,4.99,31/05/2023,11:28:49,TRUE
1360,79,25,1,0.99,31/05/2023,11:03:01,TRUE
1361,79,18,1,6.99,29/06/2023,2:02:44,TRUE
1361,79,31,1,0.99,29/06/2023,2:17:55,TRUE
1362,80,7,1,4.99,05/01/2023,0:00:12,TRUE
1362,80,32,1,0.99,05/01/2023,15:07:54,TRUE
1363,80,14,1,5.99,23/01/2023,3:52:41,TRUE
1363,80,27,1,0.99,23/01/2023,10:32:11,TRUE
1364,80,9,1,6.99,04/03/2023,16:48:20,FALSE
1364,80,26,1,0.99,04/03/2023,13:40:59,FALSE
1365,80,14,1,5.99,17/03/2023,20:40:40,TRUE
1366,80,19,1,4.99,22/04/2023,14:32:33,FALSE
1366,80,32,1,0.99,22/04/2023,10:15:03,FALSE
1367,80,17,1,5.99,11/05/2023,17:29:27,TRUE
1367,80,27,1,0.99,11/05/2023,7:41:31,TRUE
1368,80,2,1,5.99,12/05/2023,2:42:07,TRUE
1368,80,27,1,0.99,12/05/2023,8:51:06,TRUE
1369,80,21,1,6.99,01/06/2023,13:36:24,TRUE
1370,80,22,1,4.99,06/06/2023,23:25:35,TRUE
1371,80,6,1,6.99,25/06/2023,22:31:35,FALSE
1372,81,2,1,5.99,06/01/2023,8:17:39,TRUE
1373,81,3,1,6.99,13/01/2023,12:37:50,TRUE
1374,81,9,1,6.99,18/01/2023,11:09:36,TRUE
1375,81,8,1,5.99,20/01/2023,22:57:51,TRUE
1376,81,2,1,5.99,27/01/2023,9:27:07,TRUE
1376,81,33,1,0.99,27/01/2023,9:02:54,TRUE
1377,81,12,1,6.99,01/02/2023,15:41:34,TRUE
1378,81,2,1,5.99,07/02/2023,11:47:19,TRUE
1379,81,17,1,5.99,16/02/2023,10:55:18,TRUE
1379,81,29,1,0.99,16/02/2023,2:12:21,TRUE
1380,81,15,1,6.99,24/02/2023,13:53:54,TRUE
1380,81,32,1,0.99,24/02/2023,8:06:23,TRUE
1381,81,7,1,4.99,07/03/2023,20:31:22,TRUE
1381,81,35,1,0.99,07/03/2023,10:03:59,TRUE
1382,81,9,1,6.99,08/03/2023,14:48:19,TRUE
1382,81,29,1,0.99,08/03/2023,2:31:54,TRUE
1383,81,5,1,5.99,09/03/2023,17:45:59,TRUE
1384,81,15,1,6.99,24/03/2023,22:36:52,TRUE
1385,81,16,1,4.99,28/03/2023,17:50:51,TRUE
1385,81,25,1,0.99,28/03/2023,15:30:03,TRUE
1386,81,8,1,5.99,29/03/2023,22:35:10,TRUE
1387,81,12,1,6.99,31/03/2023,17:10:52,TRUE
1388,81,21,1,6.99,03/04/2023,14:26:13,TRUE
1389,81,18,1,6.99,04/04/2023,4:02:28,TRUE
1390,81,15,1,6.99,05/04/2023,11:55:18,TRUE
1391,81,4,1,4.99,17/04/2023,13:32:42,TRUE
1392,81,19,1,4.99,20/04/2023,10:52:06,TRUE
1393,81,1,1,4.99,25/04/2023,0:22:56,TRUE
1394,81,7,1,4.99,01/05/2023,13:12:13,TRUE
1395,81,6,1,6.99,02/05/2023,10:25:52,TRUE
1395,81,26,1,0.99,02/05/2023,7:21:32,TRUE
1396,81,4,1,4.99,04/05/2023,10:19:08,TRUE
1396,81,25,1,0.99,04/05/2023,18:41:42,TRUE
1397,81,3,1,6.99,05/05/2023,6:34:07,TRUE
1397,81,28,1,0.99,05/05/2023,15:41:48,TRUE
1398,81,8,1,5.99,09/05/2023,17:53:17,TRUE
1398,81,29,1,0.99,09/05/2023,16:51:35,TRUE
1399,81,21,1,6.99,23/05/2023,2:21:48,TRUE
1399,81,30,1,0.99,23/05/2023,10:41:14,TRUE
1400,81,10,1,4.99,24/05/2023,19:11:36,TRUE
1401,81,9,1,6.99,06/06/2023,14:54:20,TRUE
1402,81,19,1,4.99,08/06/2023,4:51:23,TRUE
1402,81,29,1,0.99,08/06/2023,7:16:08,TRUE
1403,81,9,1,6.99,20/06/2023,21:51:49,TRUE
1404,81,14,1,5.99,22/06/2023,14:21:22,TRUE
1404,81,30,1,0.99,22/06/2023,0:03:16,TRUE
1405,82,7,1,4.99,18/01/2023,8:12:23,TRUE
1405,82,29,1,0.99,18/01/2023,5:12:16,TRUE
1406,82,16,1,4.99,26/01/2023,15:44:28,TRUE
1406,82,28,1,0.99,26/01/2023,10:22:16,TRUE
1407,82,14,1,5.99,08/02/2023,0:04:06,TRUE
1407,82,25,1,0.99,08/02/2023,14:27:36,TRUE
1408,82,23,1,5.99,14/02/2023,10:36:24,TRUE
1409,82,6,1,6.99,24/02/2023,15:48:42,TRUE
1410,82,22,1,4.99,19/04/2023,4:56:27,TRUE
1411,82,3,1,6.99,28/04/2023,19:54:15,TRUE
1411,82,34,1,0.99,28/04/2023,9:32:56,TRUE
1412,82,12,1,6.99,06/06/2023,19:49:27,TRUE
1412,82,34,1,0.99,06/06/2023,17:10:27,TRUE
1413,82,9,1,6.99,13/06/2023,7:29:58,TRUE
1413,82,35,1,0.99,13/06/2023,0:12:37,TRUE
1414,82,21,1,6.99,14/06/2023,11:45:32,TRUE
1415,82,17,1,5.99,17/06/2023,8:13:21,FALSE
1416,82,2,1,5.99,29/06/2023,11:38:52,TRUE
1417,83,16,1,4.99,16/01/2023,1:06:11,TRUE
1418,83,18,1,6.99,31/01/2023,2:34:58,TRUE
1419,83,16,1,4.99,01/03/2023,10:44:37,TRUE
1420,83,12,1,6.99,21/03/2023,15:33:39,TRUE
1420,83,31,1,0.99,21/03/2023,19:49:13,TRUE
1421,83,1,1,4.99,27/03/2023,11:48:04,TRUE
1422,83,2,1,5.99,04/04/2023,6:48:35,TRUE
1422,83,27,1,0.99,04/04/2023,7:24:13,TRUE
1423,83,17,1,5.99,05/04/2023,8:45:37,TRUE
1423,83,32,1,0.99,05/04/2023,16:52:28,TRUE
1424,83,7,1,4.99,29/04/2023,2:42:58,FALSE
1424,83,29,1,0.99,29/04/2023,1:38:13,FALSE
1425,83,21,1,6.99,07/05/2023,23:29:23,FALSE
1426,83,21,1,6.99,18/05/2023,11:40:55,TRUE
1427,83,6,1,6.99,24/05/2023,9:39:32,TRUE
1428,83,24,1,6.99,19/06/2023,19:55:48,TRUE
1428,83,31,1,0.99,19/06/2023,16:22:13,TRUE
1429,83,14,1,5.99,22/06/2023,14:25:19,TRUE
1429,83,26,1,0.99,22/06/2023,8:03:03,TRUE
1430,83,9,1,6.99,25/06/2023,19:39:55,FALSE
1431,84,19,1,4.99,13/01/2023,2:32:07,TRUE
1432,84,20,1,5.99,18/01/2023,3:56:34,TRUE
1432,84,26,1,0.99,18/01/2023,1:57:08,TRUE
1433,84,12,1,6.99,23/02/2023,14:43:17,TRUE
1434,84,13,1,4.99,25/02/2023,20:53:44,FALSE
1434,84,35,1,0.99,25/02/2023,6:45:53,FALSE
1435,84,8,1,5.99,07/03/2023,2:12:26,TRUE
1436,84,2,1,5.99,03/04/2023,19:52:33,TRUE
1436,84,35,1,0.99,03/04/2023,3:23:57,TRUE
1437,84,11,1,5.99,03/05/2023,11:08:21,TRUE
1437,84,36,1,0.99,03/05/2023,15:21:31,TRUE
1438,84,20,1,5.99,29/05/2023,21:32:48,TRUE
1438,84,29,1,0.99,29/05/2023,0:56:05,TRUE
1439,84,23,1,5.99,08/06/2023,12:51:13,TRUE
1439,84,30,1,0.99,08/06/2023,23:52:17,TRUE
1440,84,22,1,4.99,17/06/2023,7:09:10,FALSE
1441,85,22,1,4.99,04/01/2023,6:22:35,TRUE
1441,85,29,1,0.99,04/01/2023,0:46:42,TRUE
1442,85,8,1,5.99,05/01/2023,1:25:47,TRUE
1442,85,31,1,0.99,05/01/2023,5:40:24,TRUE
1443,85,8,1,5.99,11/01/2023,16:57:13,TRUE
1443,85,25,1,0.99,11/01/2023,9:51:59,TRUE
1444,85,18,1,6.99,17/02/2023,15:12:56,TRUE
1445,85,14,1,5.99,20/02/2023,4:19:42,TRUE
1445,85,33,1,0.99,20/02/2023,7:46:34,TRUE
1446,85,16,1,4.99,02/05/2023,4:10:37,TRUE
1447,85,17,1,5.99,19/05/2023,2:47:29,TRUE
1447,85,25,1,0.99,19/05/2023,4:20:29,TRUE
1448,85,13,1,4.99,20/05/2023,11:05:46,FALSE
1448,85,27,1,0.99,20/05/2023,21:09:57,FALSE
1449,85,7,1,4.99,10/06/2023,2:23:53,FALSE
1450,85,3,1,6.99,22/06/2023,8:07:29,TRUE
1450,85,29,1,0.99,22/06/2023,6:41:46,TRUE
1451,85,8,1,5.99,28/06/2023,7:01:39,TRUE
1452,86,4,1,4.99,05/01/2023,1:20:15,TRUE
1453,86,16,1,4.99,12/01/2023,18:27:56,TRUE
1453,86,31,1,0.99,12/01/2023,11:12:24,TRUE
1454,86,3,1,6.99,21/02/2023,11:52:45,TRUE
1454,86,25,1,0.99,21/02/2023,13:42:14,TRUE
1455,86,22,1,4.99,08/03/2023,13:00:25,TRUE
1455,86,29,1,0.99,08/03/2023,10:10:52,TRUE
1456,86,8,1,5.99,12/04/2023,22:10:18,TRUE
1457,86,20,1,5.99,25/04/2023,3:24:29,TRUE
1457,86,33,1,0.99,25/04/2023,2:45:18,TRUE
1458,86,21,1,6.99,10/05/2023,9:12:32,TRUE
1458,86,25,1,0.99,10/05/2023,19:10:07,TRUE
1459,86,1,1,4.99,15/06/2023,0:20:21,TRUE
1459,86,33,1,0.99,15/06/2023,11:11:29,TRUE
1460,87,5,1,5.99,04/01/2023,9:06:16,TRUE
1460,87,28,1,0.99,04/01/2023,15:13:39,TRUE
1461,87,17,1,5.99,06/01/2023,0:41:02,TRUE
1461,87,34,1,0.99,06/01/2023,3:41:35,TRUE
1462,87,10,1,4.99,13/01/2023,23:55:12,TRUE
1463,87,8,1,5.99,18/01/2023,2:56:30,TRUE
1463,87,25,1,0.99,18/01/2023,7:52:10,TRUE
1464,87,1,1,4.99,08/02/2023,3:44:35,TRUE
1465,87,14,1,5.99,10/02/2023,8:59:14,TRUE
1466,87,21,1,6.99,13/02/2023,11:46:03,TRUE
2501,141,17,1,5.99,11/05/2023,22:19:47,TRUE
2502,141,4,1,4.99,07/06/2023,22:07:40,TRUE
2503,141,21,1,6.99,08/06/2023,6:50:37,TRUE
2504,141,2,1,5.99,22/06/2023,21:03:36,TRUE
2505,142,19,1,4.99,01/01/2023,17:42:13,FALSE
2506,142,21,1,6.99,01/02/2023,13:24:29,TRUE
2507,142,11,1,5.99,15/02/2023,7:18:31,TRUE
2507,142,32,1,0.99,15/02/2023,7:48:28,TRUE
2508,142,8,1,5.99,01/03/2023,12:14:46,TRUE
2508,142,28,1,0.99,01/03/2023,7:42:05,TRUE
2509,142,5,1,5.99,10/03/2023,10:29:57,TRUE
2510,142,6,1,6.99,18/03/2023,10:28:29,FALSE
2510,142,29,1,0.99,18/03/2023,0:03:36,FALSE
2511,142,22,1,4.99,21/04/2023,6:19:40,TRUE
2511,142,36,1,0.99,21/04/2023,13:23:42,TRUE
2512,142,7,1,4.99,27/04/2023,11:56:39,TRUE
2512,142,34,1,0.99,27/04/2023,6:17:16,TRUE
2513,142,16,1,4.99,29/04/2023,17:39:46,FALSE
2513,142,26,1,0.99,29/04/2023,5:24:56,FALSE
2514,142,11,1,5.99,03/05/2023,23:19:35,TRUE
2514,142,30,1,0.99,03/05/2023,6:32:05,TRUE
2515,142,18,1,6.99,14/06/2023,19:39:14,TRUE
2515,142,27,1,0.99,14/06/2023,11:22:45,TRUE
2516,142,19,1,4.99,15/06/2023,21:12:14,TRUE
2517,143,23,1,5.99,04/01/2023,3:50:55,TRUE
2517,143,29,1,0.99,04/01/2023,15:38:40,TRUE
2518,143,7,1,4.99,08/01/2023,5:06:26,FALSE
2518,143,27,1,0.99,08/01/2023,7:37:34,FALSE
2519,143,24,1,6.99,31/01/2023,3:08:58,TRUE
2519,143,26,1,0.99,31/01/2023,5:14:30,TRUE
2520,143,17,1,5.99,09/02/2023,5:23:41,TRUE
2520,143,35,1,0.99,09/02/2023,14:40:49,TRUE
2521,143,8,1,5.99,28/02/2023,12:35:41,TRUE
2522,143,2,1,5.99,07/04/2023,12:59:25,TRUE
2522,143,27,1,0.99,07/04/2023,9:10:11,TRUE
2523,143,15,1,6.99,11/04/2023,20:40:05,TRUE
2524,143,4,1,4.99,20/04/2023,9:07:25,TRUE
2525,143,18,1,6.99,24/04/2023,11:48:22,TRUE
2525,143,32,1,0.99,24/04/2023,17:52:24,TRUE
2526,143,14,1,5.99,27/04/2023,5:54:50,TRUE
2527,143,18,1,6.99,04/06/2023,5:36:22,FALSE
2528,143,5,1,5.99,17/06/2023,6:13:36,FALSE
2529,143,8,1,5.99,18/06/2023,22:53:51,FALSE
2529,143,26,1,0.99,18/06/2023,9:15:54,FALSE
2530,143,9,1,6.99,28/06/2023,15:02:03,TRUE
2530,143,36,1,0.99,28/06/2023,10:46:21,TRUE
2531,144,8,1,5.99,09/01/2023,22:51:27,TRUE
2532,144,13,1,4.99,24/01/2023,23:50:49,TRUE
2533,144,13,1,4.99,08/02/2023,3:06:10,TRUE
2533,144,25,1,0.99,08/02/2023,12:37:04,TRUE
2534,144,17,1,5.99,28/02/2023,20:54:41,TRUE
2534,144,34,1,0.99,28/02/2023,1:57:06,TRUE
2535,144,14,1,5.99,22/03/2023,16:01:03,TRUE
2535,144,34,1,0.99,22/03/2023,8:20:19,TRUE
2536,144,13,1,4.99,27/03/2023,9:35:48,TRUE
2536,144,29,1,0.99,27/03/2023,19:02:53,TRUE
2537,144,18,1,6.99,30/03/2023,5:09:51,TRUE
2537,144,35,1,0.99,30/03/2023,23:21:42,TRUE
2538,144,21,1,6.99,18/04/2023,7:26:33,TRUE
2538,144,29,1,0.99,18/04/2023,11:17:09,TRUE
2539,144,6,1,6.99,27/04/2023,18:52:17,TRUE
2539,144,36,1,0.99,27/04/2023,15:52:37,TRUE
2540,144,12,1,6.99,07/05/2023,11:40:10,FALSE
2541,144,12,1,6.99,27/05/2023,7:37:18,FALSE
2541,144,30,1,0.99,27/05/2023,6:30:01,FALSE
2542,144,23,1,5.99,01/06/2023,16:05:37,TRUE
2543,144,15,1,6.99,16/06/2023,17:19:17,TRUE
2543,144,32,1,0.99,16/06/2023,11:49:15,TRUE
2544,144,6,1,6.99,17/06/2023,3:17:09,FALSE
2544,144,27,1,0.99,17/06/2023,5:20:26,FALSE
2545,144,19,1,4.99,24/06/2023,7:26:19,FALSE
2545,144,28,1,0.99,24/06/2023,0:19:45,FALSE
2546,145,9,1,6.99,18/01/2023,13:33:19,TRUE
2547,145,2,1,5.99,24/01/2023,7:09:37,TRUE
2548,145,1,1,4.99,17/03/2023,9:45:07,TRUE
2548,145,30,1,0.99,17/03/2023,9:32:51,TRUE
2549,145,16,1,4.99,23/03/2023,1:21:52,TRUE
2549,145,25,1,0.99,23/03/2023,6:43:07,TRUE
2550,145,11,1,5.99,04/04/2023,3:06:28,TRUE
2551,145,9,1,6.99,17/04/2023,6:08:56,TRUE
2552,145,11,1,5.99,10/05/2023,18:27:28,TRUE
2553,145,13,1,4.99,13/05/2023,15:53:58,FALSE
2553,145,36,1,0.99,13/05/2023,15:12:51,FALSE
2554,145,3,1,6.99,25/05/2023,22:31:31,TRUE
2555,145,22,1,4.99,30/05/2023,1:40:08,TRUE
2556,145,9,1,6.99,14/06/2023,13:52:57,TRUE
2557,145,22,1,4.99,17/06/2023,18:02:39,FALSE
2557,145,25,1,0.99,17/06/2023,0:07:56,FALSE
2558,146,18,1,6.99,05/01/2023,12:38:18,TRUE
2559,146,5,1,5.99,09/01/2023,9:41:35,TRUE
2559,146,33,1,0.99,09/01/2023,12:51:50,TRUE
2560,146,17,1,5.99,23/01/2023,5:18:30,TRUE
2560,146,33,1,0.99,23/01/2023,4:36:32,TRUE
2561,146,19,1,4.99,06/02/2023,20:12:39,TRUE
2562,146,13,1,4.99,28/02/2023,22:40:10,TRUE
2563,146,6,1,6.99,07/03/2023,0:44:01,TRUE
2564,146,2,1,5.99,08/03/2023,20:23:26,TRUE
2565,146,8,1,5.99,09/03/2023,17:54:37,TRUE
2565,146,26,1,0.99,09/03/2023,14:17:38,TRUE
2566,146,13,1,4.99,30/03/2023,23:17:11,TRUE
2566,146,25,1,0.99,30/03/2023,20:09:17,TRUE
2567,146,19,1,4.99,04/04/2023,15:43:47,TRUE
2567,146,25,1,0.99,04/04/2023,17:25:56,TRUE
2568,146,3,1,6.99,08/05/2023,0:16:17,TRUE
2569,146,22,1,4.99,10/05/2023,14:35:13,TRUE
2570,146,19,1,4.99,12/05/2023,2:44:08,TRUE
2570,146,33,1,0.99,12/05/2023,23:26:49,TRUE
2571,146,11,1,5.99,24/05/2023,17:38:44,TRUE
2572,146,1,1,4.99,26/05/2023,8:30:03,TRUE
2572,146,26,1,0.99,26/05/2023,15:01:35,TRUE
2573,146,18,1,6.99,01/06/2023,5:18:39,TRUE
2573,146,36,1,0.99,01/06/2023,3:18:37,TRUE
2574,146,22,1,4.99,07/06/2023,0:09:31,TRUE
2575,146,20,1,5.99,12/06/2023,8:39:24,TRUE
2576,146,5,1,5.99,26/06/2023,3:09:02,TRUE
2576,146,27,1,0.99,26/06/2023,12:43:44,TRUE
2577,147,1,1,4.99,03/01/2023,14:58:11,TRUE
2577,147,34,1,0.99,03/01/2023,15:25:43,TRUE
2578,147,11,1,5.99,16/01/2023,0:40:32,TRUE
2579,147,3,1,6.99,26/01/2023,7:56:18,TRUE
2579,147,30,1,0.99,26/01/2023,23:30:19,TRUE
2580,147,2,1,5.99,30/01/2023,18:09:54,TRUE
2581,147,2,1,5.99,01/02/2023,22:45:31,TRUE
2581,147,28,1,0.99,01/02/2023,22:15:36,TRUE
2582,147,1,1,4.99,03/02/2023,9:30:42,TRUE
2583,147,2,1,5.99,06/02/2023,5:29:31,TRUE
2584,147,17,1,5.99,08/02/2023,9:21:52,TRUE
2584,147,29,1,0.99,08/02/2023,3:44:37,TRUE
2585,147,4,1,4.99,16/02/2023,4:08:59,TRUE
2586,147,4,1,4.99,20/02/2023,23:53:19,TRUE
2587,147,1,1,4.99,21/02/2023,5:18:03,TRUE
2587,147,28,1,0.99,21/02/2023,11:42:10,TRUE
2588,147,21,1,6.99,22/02/2023,13:40:06,TRUE
2588,147,28,1,0.99,22/02/2023,23:04:59,TRUE
2589,147,19,1,4.99,24/02/2023,23:41:50,TRUE
2589,147,27,1,0.99,24/02/2023,14:14:07,TRUE
2590,147,10,1,4.99,02/03/2023,17:28:23,TRUE
2590,147,35,1,0.99,02/03/2023,20:42:46,TRUE
2591,147,6,1,6.99,13/03/2023,3:56:11,TRUE
2591,147,25,1,0.99,13/03/2023,10:09:18,TRUE
2592,147,4,1,4.99,14/03/2023,14:30:37,TRUE
2593,147,12,1,6.99,22/03/2023,1:35:42,TRUE
2593,147,27,1,0.99,22/03/2023,22:53:54,TRUE
2594,147,17,1,5.99,14/04/2023,21:24:01,TRUE
3550,199,18,1,6.99,23/05/2023,17:33:47,TRUE
3550,199,32,1,0.99,23/05/2023,14:08:39,TRUE
3551,199,16,1,4.99,24/05/2023,19:06:02,TRUE
3552,199,4,1,4.99,29/05/2023,20:08:35,TRUE
3553,199,16,1,4.99,05/06/2023,23:14:39,TRUE
3554,199,16,1,4.99,14/06/2023,15:49:07,TRUE
3555,200,2,1,5.99,06/01/2023,3:56:00,TRUE
3555,200,36,1,0.99,06/01/2023,19:12:56,TRUE
3556,200,8,1,5.99,26/01/2023,8:58:30,TRUE
3557,200,13,1,4.99,21/02/2023,10:54:37,TRUE
3557,200,29,1,0.99,21/02/2023,3:37:49,TRUE
3558,200,11,1,5.99,03/03/2023,8:03:40,TRUE
3559,200,20,1,5.99,04/03/2023,8:03:57,FALSE
3560,200,19,1,4.99,05/03/2023,23:59:53,FALSE
3561,200,20,1,5.99,07/03/2023,5:01:23,TRUE
3562,200,10,1,4.99,08/03/2023,3:28:24,TRUE
3563,200,11,1,5.99,10/03/2023,8:06:02,TRUE
3564,200,11,1,5.99,11/03/2023,10:02:41,FALSE
3565,200,23,1,5.99,01/04/2023,3:07:53,FALSE
3565,200,31,1,0.99,01/04/2023,12:05:29,FALSE
3566,200,14,1,5.99,08/04/2023,19:43:25,FALSE
3567,200,16,1,4.99,22/04/2023,0:26:08,FALSE
3568,200,6,1,6.99,26/04/2023,22:54:49,TRUE
3568,200,36,1,0.99,26/04/2023,0:34:27,TRUE
3569,200,21,1,6.99,24/05/2023,14:36:02,TRUE
3570,200,3,1,6.99,09/06/2023,16:39:11,TRUE
3571,200,6,1,6.99,25/06/2023,5:00:01,FALSE
3571,200,28,1,0.99,25/06/2023,6:33:59,FALSE