date,store_revenue,direct_revenue,international_revenue,total_revenue,marketing_spend,transactions,avg_transaction_value,traffic,conversion_rate,active_events,day_of_week,quarter,is_holiday,is_weekend
2023-02-04,0.25213713604482557,0.2521371360448256,0.25213713604482557,0.2521371360448257,0.20951908419640194,0.23812163157339347,0.490969984559999,0.20577318060976701,0.5217263315409217,None,Saturday,1,False,True
2023-02-05,0.1085929675115002,0.1085929675115003,0.10859296751150019,0.1085929675115002,0.09023779463860566,0.11599190472840662,0.4757980184448469,0.15650769262842013,0.3901356100742535,None,Sunday,1,False,True
2023-02-06,0.04493607436223104,0.044936074362231126,0.044936074362231064,0.044936074362231064,0.037340652374516725,0.040030760167832316,0.634273433947584,0.10094631512355515,0.355017298977343,None,Monday,1,False,False
2023-02-07,0.04785750674798945,0.04785750674798957,0.04785750674798947,0.0478575067479895,0.03976828301872691,0.06804460919291751,0.4395228690810372,0.1264246691133715,0.3555760930667221,None,Tuesday,1,False,False
2023-02-08,0.08295433169336877,0.08295433169336879,0.08295433169336874,0.08295433169336876,0.06893278744718205,0.13899657940971752,0.21011961495259332,0.2991486124703767,0.16767330651717163,None,Wednesday,1,False,False
2023-02-09,0.1057601350042396,0.10576013500423964,0.10576013500423956,0.1057601350042396,0.08788378807728137,0.134323524512795,0.35259240248268015,0.14249710517204223,0.4719684496861995,None,Thursday,1,False,False
2023-02-10,0.17456822121236426,0.17456822121236434,0.17456822121236423,0.1745682212123643,0.14506143129866836,0.2112275239509574,0.2893861972461553,0.14586631824793614,0.6437867363590795,None,Friday,1,False,False
2023-02-11,0.23189375640281637,0.23189375640281637,0.2318937564028163,0.23189375640281637,0.19269738775704912,0.21398962833555904,0.523531326639798,0.3511920086678594,0.21246622817875488,None,Saturday,1,False,True
2023-02-12,0.06721682243098315,0.06721682243098318,0.0672168224309831,0.06721682243098316,0.05585534641683249,0.07208980835415975,0.5303973658531471,0.17315314183609173,0.253317356523163,None,Sunday,1,False,True
2023-02-13,0.024462520696073388,0.024462520696073513,0.024462520696073412,0.02446252069607344,0.020327687598012633,0.05022045609374916,0.4178111949427684,0.10142450843233229,0.38154667729993647,None,Monday,1,False,False
2023-02-14,0.13206826137541133,0.13206826137541142,0.13206826137541128,0.13206826137541136,0.1678143007312074,0.0873796025048348,0.8059218557665141,0.12008263122586484,0.4230606521703072,Valentine's Day,Tuesday,1,False,False
2023-02-15,0.05694333253528977,0.0569433325352898,0.05694333253528976,0.05694333253528979,0.04731835647472421,0.04877134483159441,0.6429931952024129,0.15349304304628442,0.242893954735868,None,Wednesday,1,False,False
2023-02-16,0.12273690451752738,0.12273690451752742,0.12273690451752733,0.12273690451752738,0.10199102058112439,0.1797587198546555,0.20277961624816293,0.30318087269305116,0.22687574728086388,None,Thursday,1,False,False
2023-02-17,0.20331461850719842,0.20331461850719845,0.20331461850719837,0.2033146185071984,0.1689489035276256,0.1703568957393523,0.6296899734848317,0.17943526518302153,0.45064727269320076,None,Friday,1,False,False
2023-02-18,0.23497942109055425,0.23497942109055422,0.2349794210905542,0.23497942109055422,0.1952614909655391,0.2285891790516446,0.4652048615610826,0.373812908761839,0.20444181323004884,None,Saturday,1,False,True
2023-02-19,0.06370522543308191,0.06370522543308198,0.06370522543308192,0.0637052254330819,0.052937305073901174,0.0820382521894684,0.4399625615988975,0.07158481467995215,0.5828242184977835,None,Sunday,1,False,True
2023-02-20,0.023916797411021245,0.023916797411021342,0.023916797411021224,0.02391679741102127,0.019874206430175262,0.07694912256575433,0.23389122374472965,0.09600597034108767,0.4734363252925646,None,Monday,1,False,False
2023-02-21,0.03114868076847497,0.031148680768475018,0.03114868076847495,0.031148680768474934,0.025883704284547362,0.05789371941302475,0.40574133382646443,0.0696355931932005,0.5163523909048895,None,Tuesday,1,False,False
2023-02-22,0.09874572237634112,0.09874572237634113,0.09874572237634109,0.09874572237634115,0.08205500246867635,0.08050030635053819,0.6601977297256104,0.1604253293516735,0.2998422485096943,None,Wednesday,1,False,False
2023-02-23,0.11133154430853155,0.11133154430853161,0.11133154430853155,0.11133154430853154,0.09251347727511151,0.10442117049692588,0.5652606058462073,0.09072937724216024,0.5706508470251584,None,Thursday,1,False,False
2023-02-24,0.18572583882802823,0.18572583882802823,0.18572583882802823,0.18572583882802826,0.15433310726563879,0.18190474223640432,0.4834710028306391,0.2837579416698431,0.2599815524170558,None,Friday,1,False,False
2023-02-25,0.20470337712302325,0.20470337712302328,0.20470337712302322,0.20470337712302328,0.17010292406550365,0.16947290751364016,0.641407933358301,0.1218494880225181,0.6274601783741598,None,Saturday,1,False,True
2023-02-26,0.07667064772534464,0.07667064772534465,0.0766706477253446,0.07667064772534465,0.06371121742773847,0.06117360633566293,0.6716298634474593,0.0818374366698316,0.47904004408233963,None,Sunday,1,False,True
2023-02-27,0.007096911642355012,0.007096911642355044,0.007096911642355004,0.007096911642355048,0.005897340039845035,0.01620080099396374,0.5700282431541848,0.011614694245553463,0.6545888310566409,None,Monday,1,False,False
2023-02-28,0.03743953405023291,0.037439534050232946,0.03743953405023293,0.03743953405023287,0.031111231808194362,0.019744859444886836,0.7604111300785267,0.2456113598905412,0.03414239034858184,None,Tuesday,1,False,False
2023-03-01,0.0945609608839053,0.09456096088390537,0.09456096088390532,0.09456096088390532,0.07857757978818851,0.0959885525364151,0.5266196820219113,0.14248197044922614,0.3804553026521997,None,Wednesday,1,False,False
2023-03-02,0.12015890456913418,0.12015890456913429,0.12015890456913415,0.12015890456913422,0.09984877292685704,0.17814709990457528,0.19836535410343253,0.21019873318131846,0.3922941651298227,None,Thursday,1,False,False
2023-03-03,0.20748396397131166,0.20748396397131166,0.20748396397131164,0.20748396397131158,0.17241351590897713,0.15429872271128936,0.7466852475463669,0.209085213646373,0.3477357236338536,None,Friday,1,False,False
2023-03-04,0.21556666513195313,0.21556666513195313,0.21556666513195305,0.2155666651319531,0.17913002015573645,0.21808678874222678,0.43345665831016694,0.17637053533503777,0.5616759851673208,None,Saturday,1,False,True
2023-03-05,0.08469127940736178,0.08469127940736186,0.0846912794073618,0.0846912794073618,0.07037614363041461,0.10237592399036335,0.4290258823972569,0.10794779827586569,0.5016672945943544,None,Sunday,1,False,True
2023-03-06,0.019722777455719636,0.01972277745571968,0.019722777455719646,0.019722777455719626,0.016389090219527083,0.01588595156973159,0.6661097543393713,0.08992292739269024,0.32031065900409633,None,Monday,1,False,False
2023-03-07,0.032182940416692736,0.0321829404166928,0.03218294041669271,0.03218294041669278,0.02674314584763926,0.05260463369918179,0.45080575960899943,0.17531208480238952,0.20668124441672983,None,Tuesday,1,False,False
2023-03-08,0.0840382225013504,0.08403822250135047,0.08403822250135039,0.08403822250135044,0.0698334711505808,0.08303521085423915,0.5541519802928538,0.1155022901266884,0.42583783768329114,None,Wednesday,1,False,False
2023-03-09,0.11297440716842631,0.11297440716842637,0.11297440716842633,0.11297440716842637,0.0938786515103112,0.15286283713879936,0.2889009173693162,0.201072051482099,0.36230383320332943,None,Thursday,1,False,False
2023-03-10,0.1892761850253439,0.18927618502534393,0.18927618502534382,0.1892761850253439,0.15728334813658096,0.20433090942241863,0.3859071043163651,0.22909102495961192,0.40100686292458704,None,Friday,1,False,False
2023-03-11,0.24954081345715906,0.24954081345715917,0.249540813457159,0.2495408134571591,0.20736161092856242,0.17639496874632518,0.8112868750516251,0.18420946827789852,0.45112621618791066,None,Saturday,1,False,True
2023-03-12,0.08326630439088903,0.08326630439088906,0.08326630439088906,0.08326630439088901,0.06919202825123047,0.09008381465970318,0.5010675936516337,0.2608719557097349,0.13874546689044098,None,Sunday,1,False,True
2023-03-13,0.017620305866478708,0.01762030586647879,0.01762030586647868,0.017620305866478725,0.014641993663911416,0.030739351463388805,0.5223766077035651,0.0,0.7926529559760038,None,Monday,1,False,False
2023-03-14,0.0346200046205372,0.034620004620537194,0.03462000462053719,0.034620004620537215,0.028768279741547484,0.04047796058996148,0.5605588032346828,0.08126576895475415,0.4198949041923839,None,Tuesday,1,False,False
2023-03-15,0.05472249319747384,0.05472249319747391,0.05472249319747381,0.05472249319747387,0.04547289954796744,0.040866940776305045,0.6936688905951883,0.05178257366169314,0.5372822531246303,None,Wednesday,1,False,False
2023-03-16,0.13555324831803955,0.13555324831803955,0.1355532483180395,0.13555324831803958,0.11264105277373306,0.15869418434503152,0.3689596874115684,0.11260473672544034,0.6344072576298615,None,Thursday,1,False,False
2023-03-17,0.16172005803681994,0.16172005803682005,0.1617200580368199,0.16172005803682,0.13438495807313205,0.1401313037373685,0.6057016930470482,0.07352243284410455,0.7519462959968303,None,Friday,1,False,False
2023-03-18,0.21046603034919897,0.210466030349199,0.21046603034919892,0.21046603034919895,0.17489153174713895,0.21566829643361818,0.42324476382580967,0.22125816932093126,0.43994529051617565,None,Saturday,1,False,True
2023-03-19,0.06803551575599769,0.06803551575599773,0.06803551575599764,0.0680355157559977,0.0565356582439021,0.11392839129970166,0.26749434811867157,0.13828289942240823,0.43530611447810524,None,Sunday,1,False,True
2023-03-20,0.0,0.0,0.0,0.0,0.0,0.00828192311764117,0.5877804892234425,0.09363926234354421,0.2878733736839208,None,Monday,1,False,False
2023-03-21,0.06600247756903105,0.06600247756903113,0.06600247756903105,0.06600247756903103,0.05484625895210625,0.09188854825842739,0.38891715668196086,0.14010707480869058,0.37701503661368846,None,Tuesday,1,False,False
2023-03-22,0.09439314200978043,0.09439314200978054,0.09439314200978044,0.0943931420097805,0.07843812688026279,0.12992480709221785,0.31809428772718346,0.14333081898919806,0.4590175695177556,None,Wednesday,1,False,False
2023-03-23,0.14691534576215592,0.146915345762156,0.14691534576215595,0.14691534576215598,0.1220826459019199,0.19147064648574774,0.25850408362489374,0.19598558161748514,0.45262683316514063,None,Thursday,1,False,False
2023-03-24,0.2049542843952635,0.2049542843952636,0.20495428439526348,0.20495428439526356,0.1703114211664172,0.17051386376435423,0.6365499854280683,0.2841938322965471,0.24049037287373584,None,Friday,1,False,False
2023-03-25,0.20122203050350956,0.20122203050350962,0.2012220305035095,0.20122203050350954,0.16721001996207527,0.17462456379549715,0.595430489483801,0.17581490142676806,0.46939242323579383,None,Saturday,1,False,True
2023-03-26,0.08312505836325107,0.08312505836325104,0.08312505836325101,0.08312505836325106,0.06907465665408571,0.08035793111816801,0.5676632042879789,0.15027340518169266,0.3235978506534823,None,Sunday,1,False,True
2023-03-27,0.02202232219182086,0.022022322191820896,0.02202232219182081,0.02202232219182082,0.01829994918593864,0.03002156936797641,0.559217874377357,0.10409704685443327,0.3184754372321194,None,Monday,1,False,False
2023-03-28,0.07169143465311736,0.07169143465311742,0.07169143465311739,0.07169143465311739,0.0595736271493816,0.06802549363560463,0.5878185405904284,0.17178044814087534,0.24730209448329735,None,Tuesday,1,False,False
2023-03-29,0.09125175208726975,0.09125175208726985,0.09125175208726972,0.09125175208726981,0.0758277175213208,0.11991029947893016,0.35862856638431423,0.10965949309813622,0.5425277587511623,None,Wednesday,1,False,False
2023-03-30,0.14364510329319669,0.14364510329319669,0.14364510329319669,0.1436451032931967,0.11936516359072752,0.1634329868819518,0.38299498126203607,0.1341601386525179,0.5688349240117204,None,Thursday,1,False,False
2023-03-31,0.20893231761063757,0.20893231761063766,0.20893231761063752,0.20893231761063757,0.17361705828621007,0.17266081852935392,0.6429164957173207,0.10362409920785588,0.7081243841813578,None,Friday,1,False,False
2023-04-01,0.263903212345963,0.2639032123459631,0.263903212345963,0.26390321234596303,0.21929637273814626,0.2703015014333046,0.3935874788461085,0.35202333588413626,0.29233667485793363,None,Saturday,2,False,True
2023-04-02,0.08436946952766468,0.08436946952766476,0.08436946952766466,0.08436946952766473,0.0701087283962402,0.09109947721627468,0.5006473829879714,0.106592532937553,0.4759833044398742,None,Sunday,2,False,True
2023-04-03,0.04306863196227328,0.04306863196227332,0.043068631962273264,0.04306863196227328,0.035788858665877464,0.03737575392661087,0.6437270920706243,0.07662203999108023,0.4270149922220321,None,Monday,2,False,False
2023-04-04,0.08699693161352356,0.08699693161352359,0.08699693161352359,0.08699693161352358,0.07229207773789391,0.09787049482767513,0.4709716349807598,0.03389648483827138,0.8309929865191019,None,Tuesday,2,False,False
2023-04-05,0.11491547061077459,0.11491547061077464,0.11491547061077458,0.11491547061077462,0.09549162229750863,0.13832895047784383,0.37722371811955935,0.2356414906480092,0.2652704684285993,None,Wednesday,2,False,False
2023-04-06,0.15528496963931307,0.15528496963931307,0.15528496963931301,0.1552849696393131,0.12903757510163344,0.15646919910557797,0.47748952774910003,0.14035842563991963,0.5316217566332533,None,Thursday,2,False,False
2023-04-07,0.24183838564778176,0.24183838564778182,0.2418383856477817,0.2418383856477818,0.200961103466533,0.22703980815914532,0.5013234425765788,0.30509549575143424,0.29871168815356614,None,Friday,2,False,False
2023-04-08,0.2262420944765996,0.22624209447659965,0.2262420944765996,0.22624209447659965,0.188001010818913,0.22573082389554763,0.4421972906844906,0.1850408786298525,0.5528711933622457,None,Saturday,2,False,True
2023-04-09,0.10619391471774678,0.10619391471774678,0.10619391471774675,0.10619391471774677,0.08824424718990032,0.14141105012640082,0.31574078873815964,0.15555756340095533,0.45091776523403837,None,Sunday,2,False,True
2023-04-10,0.045025229437044255,0.045025229437044324,0.045025229437044255,0.04502522943704422,0.03741473781040034,0.07523397702151408,0.3729991526256182,0.10207598868291463,0.4480144636256337,None,Monday,2,False,False
2023-04-11,0.06038573206686291,0.06038573206686298,0.060385732066862874,0.060385732066862936,0.05017889661017296,0.09580154257408469,0.3320012431557287,0.10960733310192129,0.4784657257310173,None,Tuesday,2,False,False
2023-04-12,0.11354055456098008,0.11354055456098006,0.11354055456098003,0.11354055456098007,0.09434910455451076,0.0891481071557819,0.6842115851752671,0.07681100526904969,0.5823287643305795,None,Wednesday,2,False,False
2023-04-13,0.1119253775113241,0.11192537751132416,0.11192537751132406,0.11192537751132413,0.093006936472619,0.13787305266442207,0.36446017498684413,0.13549596549201978,0.5019311002626418,None,Thursday,2,False,False
2023-04-14,0.2429554102548767,0.24295541025487674,0.24295541025487669,0.24295541025487677,0.2018893204534261,0.20950604088890562,0.5943397113645478,0.06741136994153007,1.0,None,Friday,2,False,False
2023-04-15,0.2881197982635158,0.28811979826351586,0.2881197982635158,0.2881197982635159,0.23941969524192494,0.22753883531678082,0.6925206304335787,0.18131554445011086,0.5674360309660931,None,Saturday,2,False,True
2023-04-16,0.11546057957922289,0.11546057957922287,0.11546057957922286,0.11546057957922282,0.0959445929850008,0.12410100924371169,0.46296352975711774,0.1139843033864482,0.5383322307392818,None,Sunday,2,False,True
2023-04-17,0.02416459968098624,0.024164599680986255,0.02416459968098621,0.02416459968098621,0.020080123358872454,0.0423100671637268,0.4753763144034167,0.10383497668751189,0.3526462331724994,None,Monday,2,False,False
2023-04-18,0.0608370714158304,0.06083707141583044,0.06083707141583041,0.06083707141583039,0.0505539473010028,0.025044583873341058,0.8790815936869822,0.17565632508811,0.14643147135048215,None,Tuesday,2,False,False
2023-04-19,0.1161994787659846,0.11619947876598462,0.1161994787659846,0.11619947876598466,0.09655859805919287,0.1620587278065892,0.2576761541989596,0.21298874399283915,0.354650580676663,None,Wednesday,2,False,False
2023-04-20,0.16942187405787992,0.16942187405787998,0.16942187405787987,0.16942187405787992,0.14078495715575343,0.16061225122425707,0.5230173852706833,0.2591650628443993,0.2642479345411024,None,Thursday,2,False,False
2023-04-21,0.2090964691170484,0.20909646911704852,0.20909646911704838,0.2090964691170484,0.17375346371157568,0.17672881766390827,0.6203755033684187,0.24609712876620826,0.3160855613033315,None,Friday,2,False,False
2023-04-22,0.27760484566178784,0.27760484566178784,0.2776048456617878,0.27760484566178784,0.23068205637586375,0.2538616902783365,0.5200572997233189,0.3130261285725534,0.3278394879153886,None,Saturday,2,False,True
2023-04-23,0.1470889028854845,0.14708890288548457,0.14708890288548454,0.14708890288548457,0.12222686713845012,0.12685741388009586,0.6131480261727567,0.3194245403244573,0.12287216136792271,None,Sunday,2,False,True
2023-04-24,0.04144327951929617,0.04144327951929623,0.04144327951929615,0.04144327951929617,0.034438235109621934,0.06681697927216221,0.40813614090722944,0.06766735606540189,0.5522794462614113,None,Monday,2,False,False
2023-04-25,0.044160891605187276,0.04416089160518732,0.04416089160518727,0.044160891605187304,0.03669649664288433,0.05715281813249466,0.49469265990737654,0.07305895551631054,0.5004316856645608,None,Tuesday,2,False,False
2023-04-26,0.12000311363055617,0.12000311363055627,0.12000311363055613,0.12000311363055624,0.09971931490536527,0.15299330391456067,0.32293086887367367,0.19548124031468447,0.3751587150502525,None,Wednesday,2,False,False
2023-04-27,0.1329677234552244,0.13296772345522445,0.1329677234552244,0.13296772345522437,0.11049255212078776,0.1488935577842289,0.40947427919068924,0.09280676837380142,0.6885253138864003,None,Thursday,2,False,False
2023-04-28,0.23995807289582716,0.23995807289582713,0.2399580728958271,0.2399580728958272,0.19939861484636281,0.2674085105594122,0.313344456363167,0.2123941809115173,0.5620430540727039,None,Friday,2,False,False
2023-04-29,0.33414128840807583,0.33414128840807583,0.3341412884080758,0.33414128840807594,0.2776622985319365,0.26769337113883707,0.6762076616223135,0.42305911293857307,0.1983462596221463,None,Saturday,2,False,True
2023-04-30,0.09139582020001627,0.09139582020001626,0.09139582020001621,0.0913958202000163,0.07594743419423164,0.06764375424893294,0.7133026605251822,0.13978839038954874,0.31947255394404955,None,Sunday,2,False,True
2023-05-01,0.046078976685481464,0.04607897668548154,0.046078976685481464,0.0460789766854815,0.038290373037841774,0.04082806840046643,0.6354125408335691,0.1265632168213061,0.2867532527607012,None,Monday,2,False,False
2023-05-02,0.058140345404455965,0.05814034540445602,0.05814034540445598,0.05814034540445596,0.048313041526094114,0.15686764484475665,0.0,0.25070091717667387,0.2722101721259169,None,Tuesday,2,False,False
2023-05-03,0.09630499626182754,0.09630499626182758,0.09630499626182755,0.09630499626182754,0.0800268256268635,0.1321975849138233,0.3154173147934327,0.08637178615054095,0.6686719346423816,None,Wednesday,2,False,False
2023-05-04,0.11070226378287754,0.11070226378287759,0.11070226378287755,0.11070226378287762,0.09199056231896552,0.12317996016943769,0.44322107449746156,0.14276379567447292,0.4445845892050767,None,Thursday,2,False,False
2023-05-05,0.2685058157348437,0.2685058157348438,0.26850581573484367,0.2685058157348438,0.22312101063990342,0.3013561779892885,0.2856586818002324,0.22318034401048364,0.598648302720435,None,Friday,2,False,False
2023-05-06,0.27148674080458024,0.27148674080458035,0.27148674080458024,0.2714867408045803,0.2255980780821157,0.2858974931173579,0.3575483732210851,0.25417346424468545,0.4940323347344188,None,Saturday,2,False,True
2023-05-07,0.10587533186008026,0.10587533186008034,0.10587533186008026,0.10587533186008025,0.08797951352303145,0.12312167162449082,0.41787793590359673,0.1458983221866774,0.4354910211336776,None,Sunday,2,False,True
2023-05-08,0.031144514263634477,0.03114451426363457,0.031144514263634453,0.03114451426363453,0.025880242032646772,0.041253331377445884,0.5308079188149454,0.05512414077490513,0.5238814644575166,None,Monday,2,False,False
2023-05-09,0.08952360009388058,0.08952360009388058,0.08952360009388052,0.08952360009388056,0.07439167034204804,0.1255588357870652,0.31699444287710404,0.0661876317029564,0.7433774402538584,None,Tuesday,2,False,False
2023-05-10,0.06029088974101332,0.0602908897410134,0.0602908897410133,0.06029088974101331,0.0501000852237712,0.07195385048173884,0.4888306685903954,0.08132071887904846,0.5128666235764116,None,Wednesday,2,False,False
2023-05-11,0.15058849196187096,0.15058849196187096,0.1505884919618709,0.150588491961871,0.12513493022606234,0.16382718326272044,0.4143206391229748,0.19689645650655888,0.39401766386878445,None,Thursday,2,False,False
2023-05-12,0.21522046218598478,0.21522046218598484,0.21522046218598473,0.2152204621859848,0.178842334948697,0.22068471822993327,0.4195950032823284,0.1816622532751141,0.5518569538027861,None,Friday,2,False,False
2023-05-13,0.2817747553546857,0.2817747553546858,0.28177475535468577,0.28177475535468577,0.2341471376159487,0.28415482421297306,0.4032117103779338,0.22572370994743268,0.5593178899743165,None,Saturday,2,False,True
2023-05-14,0.10816901560922208,0.10816901560922214,0.10816901560922211,0.10816901560922212,0.08988550216911065,0.09073679099507677,0.641461143573767,0.09409253573658384,0.5190313669898273,None,Sunday,2,False,True
2023-05-15,0.023152861289141256,0.02315286128914129,0.023152861289141242,0.023152861289141253,0.019239396345664784,0.0481810600461568,0.4242125717413934,0.05743412597541206,0.5365899329051513,None,Monday,2,False,False
2023-05-16,0.07091638071962365,0.0709163807196237,0.07091638071962364,0.07091638071962365,0.058929578466606236,0.078199270319517,0.5095395978742754,0.1061781130272819,0.44258300058855954,None,Tuesday,2,False,False
2023-05-17,0.1287317916940118,0.1287317916940119,0.12873179169401178,0.1287317916940118,0.10697260834237535,0.1433487812331478,0.4192458608508912,0.13821932113379076,0.5067155805613042,None,Wednesday,2,False,False
2023-05-18,0.13932554205864459,0.1393255420586447,0.13932554205864459,0.1393255420586446,0.11577572600057129,0.14238342043384813,0.47840431359948854,0.11324235327099419,0.5890401447644213,None,Thursday,2,False,False
2023-05-19,0.2515401991820971,0.2515401991820971,0.2515401991820971,0.2515401991820971,0.20902304594212542,0.20764159558190082,0.6415635964192482,0.15039717005113015,0.6198853171502305,None,Friday,2,False,False
2023-05-20,0.27180627818506226,0.2718062781850623,0.27180627818506226,0.2718062781850622,0.22586360493141414,0.22823204811049727,0.6207481563988445,0.26095201622420994,0.37877511378951345,None,Saturday,2,False,True
2023-05-21,0.10852643652577693,0.10852643652577694,0.10852643652577691,0.10852643652577695,0.09018250920378997,0.11330278839661884,0.49225496184417816,0.13630493821634118,0.4395490374975965,None,Sunday,2,False,True
2023-05-22,0.048804891094364915,0.04880489109436494,0.048804891094364866,0.04880489109436495,0.04055553357510393,0.07711842264655693,0.38338447135948184,0.037045937953868305,0.7373120117553645,None,Monday,2,False,False
2023-05-23,0.040089151823689065,0.04008915182368905,0.04008915182368903,0.04008915182368909,0.033312991922049014,0.07865431287536966,0.3207327865810618,0.06571890052758995,0.5978942851155764,None,Tuesday,2,False,False
2023-05-24,0.11843303752240865,0.11843303752240873,0.11843303752240865,0.1184330375224087,0.09841462447595056,0.10344805430036098,0.6115975553553686,0.10386761820691245,0.5188398612197274,None,Wednesday,2,False,False
2023-05-25,0.1437531485667431,0.1437531485667432,0.1437531485667431,0.1437531485667431,0.11945494626661693,0.1658319874322773,0.3708794340731622,0.18122307574477037,0.4363867423210261,None,Thursday,2,False,False
2023-05-26,0.21014720422488675,0.2101472042248868,0.21014720422488675,0.2101472042248868,0.17462659593232147,0.1694941551589927,0.6671342149584429,0.197932740946213,0.4031300905269187,None,Friday,2,False,False
2023-05-27,0.24669308220528255,0.24669308220528263,0.24669308220528258,0.2466930822052826,0.20499522391675562,0.23955562644956827,0.46199573646036124,0.22082025226005006,0.4866946226559291,None,Saturday,2,False,True
2023-05-28,0.08971135681942582,0.0897113568194259,0.08971135681942585,0.08971135681942584,0.07454769106079277,0.11442154801424884,0.38275162031881516,0.1299159301479589,0.4614390906521405,None,Sunday,2,False,True
2023-05-29,0.042497210634280115,0.04249721063428022,0.042497210634280094,0.042497210634280115,0.035314023125149606,0.06426083089007312,0.4326360870727975,0.12324360998946812,0.3547839225093163,None,Monday,2,False,False
2023-05-30,0.06370117626560146,0.06370117626560151,0.06370117626560148,0.06370117626560143,0.05293394032614695,0.10697188667242756,0.2837248362588523,0.23106659569277913,0.2150455006499101,None,Tuesday,2,False,False
2023-05-31,0.08643273004597186,0.08643273004597184,0.08643273004597181,0.08643273004597181,0.07182324162120783,0.09613831002504372,0.4790742427555578,0.11198687346011876,0.4714700717745058,None,Wednesday,2,False,False
2023-06-01,0.3286050065823376,0.3286050065823377,0.32860500658233766,0.32860500658233766,0.35625661878864373,0.2690103958229778,0.6485491901369668,0.2851507323170238,0.4012078965907541,Semi-Annual Sale,Thursday,2,False,False
2023-06-02,0.3934085263183791,0.3934085263183792,0.3934085263183791,0.3934085263183791,0.4183911853526886,0.399044538872748,0.35422238890934626,0.3845100000645978,0.4223121510388567,Semi-Annual Sale,Friday,2,False,False
2023-06-03,0.43805275945060834,0.4380527594506084,0.43805275945060823,0.4380527594506084,0.46119673181920956,0.3795997881475471,0.5639086009778608,0.45281632330338895,0.30163095010154994,Semi-Annual Sale,Saturday,2,False,True
2023-06-04,0.24310859255926778,0.24310859255926778,0.24310859255926778,0.24310859255926776,0.27428140124271994,0.1807116799008531,0.7553630296128946,0.20516706535065501,0.40884500867670603,Semi-Annual Sale,Sunday,2,False,True
2023-06-05,0.15556408996028384,0.15556408996028395,0.15556408996028376,0.1555640899602839,0.1903424462876624,0.1324362331602695,0.6220441735528193,0.18127170005201135,0.36520251344785365,Semi-Annual Sale,Monday,2,False,False
2023-06-06,0.17926164376584322,0.1792616437658433,0.17926164376584325,0.17926164376584316,0.21306400894867406,0.17051354484877992,0.5148391563591133,0.1838405302195566,0.4396505306681218,Semi-Annual Sale,Tuesday,2,False,False
2023-06-07,0.207506783151624,0.20750678315162407,0.20750678315162396,0.20750678315162396,0.24014586345943206,0.19441539834296265,0.5167248358079298,0.1804262572457506,0.4993887514972749,Semi-Annual Sale,Wednesday,2,False,False
2023-06-08,0.3278712971808241,0.3278712971808241,0.3278712971808239,0.327871297180824,0.3555531274376693,0.2650480285047253,0.6646265352395359,0.1523364942954636,0.7463841942711815,Semi-Annual Sale,Thursday,2,False,False
2023-06-09,0.3666090009807088,0.3666090009807088,0.36660900098070875,0.3666090009807088,0.39269540682459486,0.2993989804841864,0.6508689163797894,0.2845610915446028,0.4524340559749378,Semi-Annual Sale,Friday,2,False,False
2023-06-10,0.5336400238168861,0.5336400238168861,0.5336400238168859,0.5336400238168862,0.5528472048897058,0.5174493534366442,0.38495443422192444,0.5897765991949169,0.2997669913347508,Semi-Annual Sale,Saturday,2,False,True
2023-06-11,0.2122895851395342,0.21228958513953428,0.21228958513953416,0.21228958513953422,0.24473168425575492,0.2750606578105184,0.1767951619963465,0.32145730327572003,0.3466188011974904,Semi-Annual Sale,Sunday,2,False,True
2023-06-12,0.128382006756401,0.128382006756401,0.12838200675640096,0.128382006756401,0.16427986565839253,0.12328747008142714,0.5366426619820924,0.13229972371052184,0.47607343669688773,Semi-Annual Sale,Monday,2,False,False
2023-06-13,0.2202219277093045,0.2202219277093045,0.2202219277093044,0.2202219277093045,0.25233733082275894,0.17830487273911697,0.663226728195262,0.2356741560843712,0.33898612819646984,Semi-Annual Sale,Tuesday,2,False,False
2023-06-14,0.08261902011476419,0.08261902011476426,0.08261902011476416,0.08261902011476421,0.06865415266941098,0.07673872466262363,0.590680222020941,0.190755275497854,0.22806251292359378,None,Wednesday,2,False,False
2023-06-15,0.18672961459970563,0.18672961459970572,0.18672961459970558,0.18672961459970563,0.15516721755863028,0.1454025684400049,0.6994626323470833,0.1975268701034686,0.3550618776388462,None,Thursday,2,False,False
2023-06-16,0.1816082425954514,0.1816082425954515,0.18160824259545139,0.18160824259545147,0.15091149708447657,0.13703778816573395,0.7270620254854949,0.16791584655421712,0.4079825313776461,None,Friday,2,False,False
2023-06-17,0.30790552514541175,0.3079055251454118,0.30790552514541175,0.3079055251454118,0.25586109471795443,0.3459003541017467,0.2605697908615045,0.39472042118070244,0.3356328304626063,None,Saturday,2,False,True
2023-06-18,0.10176822434422846,0.10176822434422847,0.10176822434422844,0.10176822434422841,0.08456661917943724,0.10311395815538894,0.5202801985902158,0.1576136274219761,0.3579136011033857,None,Sunday,2,False,True
2023-06-19,0.0493036996873574,0.049303699687357525,0.04930369968735743,0.04930369968735741,0.04097002991321772,0.08361853380951328,0.343923411224783,0.12330436146870097,0.40382815128419586,None,Monday,2,False,False
2023-06-20,0.06156983384487467,0.06156983384487469,0.06156983384487465,0.06156983384487464,0.05116285289688294,0.058753126931887674,0.594243376241859,0.06665249539108153,0.5312657622412041,None,Tuesday,2,False,False
2023-06-21,0.07782509000139001,0.07782509000139008,0.07782509000139003,0.07782509000139005,0.06467052747713807,0.1228437951367525,0.27011284058777196,0.09256120618715041,0.6157365560647822,None,Wednesday,2,False,False
2023-06-22,0.15178480251285983,0.15178480251285986,0.15178480251285978,0.1517848025128598,0.12612903167017933,0.16865234025291653,0.3944180966856858,0.11365420889658383,0.6565459826130094,None,Thursday,2,False,False
2023-06-23,0.23198824644859306,0.23198824644859306,0.23198824644859303,0.23198824644859306,0.19277590640831707,0.1814801191582496,0.6994400163175061,0.19478454962005443,0.4351502495815836,None,Friday,2,False,False
2023-06-24,0.3323194855953287,0.33231948559532876,0.3323194855953286,0.33231948559532876,0.2761484300756638,0.24351590473970364,0.790584028268219,0.26978685445828215,0.3879230171727149,None,Saturday,2,False,True
2023-06-25,0.12224542953470154,0.1222454295347016,0.12224542953470152,0.12224542953470158,0.10158261827306926,0.10609639807062815,0.6149607886267208,0.07774373566290922,0.6293093086672573,None,Sunday,2,False,True
2023-06-26,0.02070449864738278,0.020704498647382823,0.020704498647382736,0.020704498647382788,0.017204873757961873,0.021667068368692546,0.6213966362457024,0.028173995474906923,0.583018548801103,None,Monday,2,False,False
2023-06-27,0.025733476273006522,0.025733476273006612,0.0257334762730065,0.0257334762730065,0.0213838170230966,0.0644968037238775,0.32562667504618853,0.24135328940241554,0.1207696371511074,None,Tuesday,2,False,False
2023-06-28,0.09594817183455441,0.09594817183455442,0.09594817183455434,0.0959481718345544,0.07973031425851085,0.08283817501623988,0.6263792403014121,0.05753303590371972,0.6492645429022647,None,Wednesday,2,False,False
2023-06-29,0.1457657556524782,0.14576575565247823,0.14576575565247815,0.14576575565247826,0.12112736787045175,0.10267758929331117,0.7705330272641524,0.22395288892125298,0.21912865195923892,None,Thursday,2,False,False
2023-06-30,0.18187689299829218,0.18187689299829224,0.18187689299829218,0.18187689299829218,0.1511347382430586,0.17473420944002546,0.5040577477469871,0.17112627524899235,0.4823870827975447,None,Friday,2,False,False
2023-07-01,0.3360322230384807,0.3360322230384807,0.3360322230384806,0.3360322230384807,0.279233613643437,0.3961161012240922,0.18572748809745432,0.3886732210730181,0.41177581088206505,None,Saturday,3,False,True
2023-07-02,0.11803356998696478,0.11803356998696486,0.11803356998696479,0.11803356998696483,0.09808267784759862,0.10206212359011965,0.6188050971261291,0.11420015956927104,0.47978053327391845,None,Sunday,3,False,True
2023-07-03,0.0593015451617221,0.0593015451617221,0.0593015451617221,0.0593015451617221,0.04927796685810959,0.07937554808575932,0.4315405839607096,0.1741753426362875,0.26701326777962026,None,Monday,3,False,False
2023-07-04,0.1003288889127547,0.10032888891275474,0.10032888891275464,0.10032888891275475,0.08337057068700017,0.08127035909712528,0.6639733059976021,0.17098411493681082,0.27797946231711224,None,Tuesday,3,False,False
2023-07-05,0.16061559440867637,0.16061559440867648,0.16061559440867637,0.16061559440867643,0.13346717891720586,0.17005465588105542,0.42894717939952487,0.2446449721298708,0.30675805141383916,None,Wednesday,3,False,False
2023-07-06,0.19306617872666051,0.19306617872666054,0.19306617872666046,0.19306617872666063,0.16043272954808718,0.215580445475582,0.34904640932582937,0.26862457433661135,0.34245626684906744,None,Thursday,3,False,False
2023-07-07,0.25335369494608656,0.2533536949460865,0.2533536949460865,0.2533536949460866,0.2105300114674163,0.1772720850546745,0.8237136773765351,0.1932219710746819,0.4303369963251524,None,Friday,3,False,False
2023-07-08,0.3140446222658352,0.31404462226583524,0.31404462226583507,0.3140446222658352,0.26096251700996936,0.27905894648749247,0.5467035217536883,0.2900886856511809,0.4083125873528321,None,Saturday,3,False,True
2023-07-09,0.14354488359178558,0.14354488359178555,0.14354488359178552,0.14354488359178558,0.11928188375187682,0.12442001806050108,0.6100227319849615,0.11428600630274302,0.5381141363259371,None,Sunday,3,False,True
2023-07-10,0.06749464125905077,0.06749464125905082,0.06749464125905076,0.06749464125905079,0.05608620628675224,0.08815907506295964,0.42173838916208756,0.13422242167771126,0.384030093492927,None,Monday,3,False,False
2023-07-11,0.05287765618811698,0.05287765618811707,0.05287765618811696,0.05287765618811701,0.04393989030246161,0.09844830510672214,0.27310693314579065,0.07254014935647744,0.6290470764322164,None,Tuesday,3,False,False
2023-07-12,0.18747890879757667,0.18747890879757678,0.18747890879757667,0.18747890879757673,0.15578986060357905,0.18533687882552294,0.4734432216136182,0.16918990205526235,0.5111116970902667,None,Wednesday,3,False,False
2023-07-13,0.20389956588953448,0.20389956588953456,0.2038995658895345,0.20389956588953453,0.16943497885065276,0.11503491022946195,1.0,0.09292628379440916,0.592143742543292,None,Thursday,3,False,False
2023-07-14,0.2861039707793732,0.2861039707793732,0.2861039707793732,0.28610397077937316,0.2377445975748347,0.2983095856524606,0.36165717096399685,0.47022940537133384,0.18535225984575682,None,Friday,3,False,False
2023-07-15,0.3438168059660279,0.343816805966028,0.3438168059660278,0.34381680596602787,0.28570238976827045,0.34275104718901633,0.39317378902976696,0.49351764034345075,0.21283846733422868,None,Saturday,3,False,True
2023-07-16,0.1335239330981822,0.13352393309818222,0.13352393309818217,0.13352393309818228,0.11095474716607856,0.1619954682193076,0.3417197327817306,0.10416948124262612,0.6768390876691118,None,Sunday,3,False,True
2023-07-17,0.09575651190841684,0.09575651190841684,0.09575651190841677,0.09575651190841682,0.07957105008651535,0.09927453442783442,0.5115852702768359,0.06936883575572908,0.6459199679999699,None,Monday,3,False,False
2023-07-18,0.10329659932688996,0.10329659932689003,0.1032965993268899,0.10329659932688996,0.08583665711077552,0.12784770556843694,0.3765707832808493,0.0872269724802792,0.6523635095806546,None,Tuesday,3,False,False
2023-07-19,0.1614364661038527,0.16143646610385282,0.1614364661038527,0.16143646610385273,0.13414930091047508,0.18643571761233627,0.3487293547473617,0.21549095540980293,0.3966714237327064,None,Wednesday,3,False,False
2023-07-20,0.17315989591016784,0.17315989591016784,0.17315989591016784,0.1731598959101678,0.14389115137800504,0.2088723483735608,0.29405443755913674,0.16907973701192544,0.563283952495716,None,Thursday,3,False,False
2023-07-21,0.3484644695678689,0.3484644695678689,0.34846446956786886,0.3484644695678689,0.2895644714781918,0.3756275174234551,0.291559584197434,0.31690839812592086,0.509084063816422,None,Friday,3,False,False
2023-07-22,0.31566256274102794,0.31566256274102805,0.31566256274102794,0.31566256274102805,0.26230698142312275,0.30654823334015324,0.4357717400892633,0.35708933490099565,0.3366745873880763,None,Saturday,3,False,True
2023-07-23,0.1284047670939086,0.12840476709390866,0.12840476709390858,0.12840476709390866,0.10670085981775049,0.12590308573865563,0.5205240273967362,0.20442416907604216,0.3010759552159577,None,Sunday,3,False,True
2023-07-24,0.08352460722522353,0.08352460722522356,0.08352460722522348,0.08352460722522356,0.0694066708625651,0.08973940956217079,0.50489785296647,0.1336797622127281,0.3894176734793114,None,Monday,3,False,False
2023-07-25,0.08242514608350668,0.08242514608350666,0.08242514608350662,0.08242514608350665,0.06849304863644015,0.10153156893940438,0.4215875873294003,0.09719781888550787,0.5377983032192173,None,Tuesday,3,False,False
2023-07-26,0.16054191349260905,0.16054191349260907,0.16054191349260905,0.16054191349260907,0.13340595208525502,0.18371174787898287,0.35817389752154366,0.194714489581046,0.43989767872577323,None,Wednesday,3,False,False
2023-07-27,0.21529903113531998,0.21529903113531998,0.2152990311353199,0.21529903113532006,0.17890762360299525,0.25972259668898995,0.2487065211144955,0.22857079499691654,0.506157897241977,None,Thursday,3,False,False
2023-07-28,0.2697372191755003,0.2697372191755004,0.2697372191755003,0.26973721917550036,0.22414427331834044,0.23001153182485481,0.6031292177149777,0.3003255247283681,0.31117716264970985,None,Friday,3,False,False
2023-07-29,0.27761490505965153,0.2776149050596516,0.2776149050596515,0.27761490505965153,0.23069041546116564,0.31819011047186246,0.2553302334475654,0.3105756937617292,0.43225027348360534,None,Saturday,3,False,True
2023-07-30,0.1548629159529071,0.15486291595290713,0.15486291595290713,0.15486291595290716,0.12868685999776328,0.17620959135500724,0.3697620150740165,0.15900920366984903,0.5203689658859336,None,Sunday,3,False,True
2023-07-31,0.04485900329626326,0.044859003296263314,0.044859003296263224,0.04485900329626325,0.03727660842044905,0.05672165326350099,0.5023913153306586,0.16123747915377984,0.24436045946994775,None,Monday,3,False,False
2023-08-01,0.08784420633904629,0.08784420633904634,0.08784420633904626,0.08784420633904624,0.07299613992936228,0.09117070841644061,0.5203463485509208,0.17233202697961567,0.2966792914795348,None,Tuesday,3,False,False
2023-08-02,0.13969320595641752,0.13969320595641754,0.13969320595641746,0.13969320595641752,0.1160812446733136,0.11189406559252844,0.6720665480405351,0.1735845787486523,0.33898788698726967,None,Wednesday,3,False,False
2023-08-03,0.21748251458869738,0.2174825145886975,0.2174825145886974,0.2174825145886974,0.18072203880849003,0.24152194630437,0.33409984003373105,0.21527500093952298,0.5041349961877096,None,Thursday,3,False,False
2023-08-04,0.33414417031841126,0.33414417031841137,0.33414417031841126,0.33414417031841126,0.2776646933208347,0.4153476831613269,0.12177291130770128,0.48399455847311484,0.3061578038875727,None,Friday,3,False,False
2023-08-05,0.35613221156069297,0.35613221156069297,0.35613221156069297,0.356132211560693,0.2959361559725583,0.33093762174067115,0.48072005317398653,0.29613355947884246,0.4804591545627869,None,Saturday,3,False,True
2023-08-06,0.13452667255975176,0.13452667255975187,0.13452667255975173,0.13452667255975181,0.11178799631363093,0.13016176746527572,0.5265473291664836,0.16435946923049785,0.4018437897807032,None,Sunday,3,False,True
2023-08-07,0.1014832186250921,0.10148321862509216,0.10148321862509212,0.10148321862509212,0.08432978719902809,0.09793229597113906,0.5531022534948793,0.11221618785536387,0.4754536569903744,None,Monday,3,False,False
2023-08-08,0.09292912200836953,0.09292912200836954,0.0929291220083695,0.09292912200836952,0.07722156618336373,0.10864298838808259,0.4356956595455013,0.16160507529220314,0.3605261317011328,None,Tuesday,3,False,False
2023-08-09,0.15803516369522688,0.15803516369522694,0.15803516369522683,0.1580351636952269,0.13132291136346444,0.16454719931780926,0.446236827519196,0.16809290623850429,0.46831653584228583,None,Wednesday,3,False,False
2023-08-10,0.24959073791107156,0.24959073791107161,0.2495907379110715,0.24959073791107161,0.2074030967883086,0.20435919805042338,0.6506796908646779,0.2408283757377599,0.37642380338007186,None,Thursday,3,False,False
2023-08-11,0.32678718458225714,0.32678718458225725,0.3267871845822571,0.3267871845822572,0.27155123880134274,0.31330950653727846,0.4482793599876359,0.559652219509885,0.12093492550729956,None,Friday,3,False,False
2023-08-12,0.3038800022269104,0.30388000222691053,0.3038800022269104,0.3038800022269105,0.25251599494992155,0.35470471001316595,0.216842293382507,0.3776540527265582,0.3726200562940449,None,Saturday,3,False,True
2023-08-13,0.1491813416966218,0.1491813416966219,0.1491813416966218,0.14918134169662184,0.12396562672905859,0.10427824398485808,0.7780995851327612,0.11778502924288291,0.47386063331550904,None,Sunday,3,False,True
2023-08-14,0.07372685504188672,0.07372685504188682,0.07372685504188674,0.07372685504188677,0.06126500598591214,0.06231064380569646,0.644078718661527,0.25728634476280776,0.09511733157561938,None,Monday,3,False,False
2023-08-15,0.10664995703999029,0.10664995703999032,0.10664995703999025,0.10664995703999028,0.088623205923271,0.0904291986918405,0.6348162162769605,0.21889267196291068,0.20443222469339942,None,Tuesday,3,False,False
2023-08-16,0.1756776902516072,0.17567769025160726,0.17567769025160715,0.17567769025160723,0.14598336981471907,0.1583485568143226,0.5664050372615593,0.2056922478024403,0.3631032944364606,None,Wednesday,3,False,False
2023-08-17,0.21222717713549577,0.2122271771354958,0.21222717713549577,0.21222717713549574,0.17635499669953986,0.1388127593105223,0.8721251572497482,0.15296308877083578,0.45221383655765246,None,Thursday,3,False,False
2023-08-18,0.2976171353902502,0.2976171353902502,0.2976171353902502,0.29761713539025025,0.24731172339895177,0.28946177580543114,0.44016475170417885,0.3668318949810261,0.29825645361969605,None,Friday,3,False,False
2023-08-19,0.36448064348725656,0.3644806434872566,0.3644806434872565,0.3644806434872566,0.3028734752392396,0.365843248578084,0.377393608204757,0.3484940255680165,0.435754277374219,None,Saturday,3,False,True
2023-08-20,0.13750109515820394,0.13750109515820394,0.13750109515820386,0.13750109515820394,0.11425966037953031,0.12274398020417429,0.588632905177089,0.13225646420435885,0.4748656260095766,None,Sunday,3,False,True
2023-08-21,0.09887661905473319,0.09887661905473329,0.09887661905473316,0.09887661905473319,0.08216377403882767,0.11450665646153811,0.43214982893273524,0.15725671713096287,0.3848025976126369,None,Monday,3,False,False
2023-08-22,0.08091636310325216,0.08091636310325227,0.08091636310325219,0.08091636310325225,0.06723929112482217,0.096902466682556,0.4425488159871736,0.10961390522864707,0.48137757986092217,None,Tuesday,3,False,False
2023-08-23,0.16657118818394068,0.16657118818394076,0.16657118818394068,0.16657118818394065,0.13841611493358597,0.18748819965496857,0.3669379200284936,0.15612477387866366,0.5548420313794442,None,Wednesday,3,False,False
2023-08-24,0.23094901226880307,0.2309490122688031,0.23094901226880302,0.23094901226880302,0.19191233114514566,0.20255727135815474,0.578262116236327,0.12357353544672851,0.7051402993993002,None,Thursday,3,False,False
2023-08-25,0.26633457066179017,0.2663345706617902,0.26633457066179017,0.2663345706617902,0.2213167651947134,0.29151450044899835,0.3159123156351712,0.48837169904104266,0.15964462189723588,None,Friday,3,False,False
2023-08-26,0.38642465791327124,0.3864246579132713,0.3864246579132712,0.38642465791327124,0.32110835280727,0.32351432387769524,0.6163831772412991,0.32357304909392354,0.4167801381257247,None,Saturday,3,False,True
2023-08-27,0.15533961671997445,0.15533961671997448,0.15533961671997443,0.15533961671997448,0.12908298533542045,0.1836095850162463,0.3347671989721805,0.09213219378452457,0.7900429847111354,None,Sunday,3,False,True
2023-08-28,0.08069798880251756,0.0806979888025176,0.08069798880251756,0.0806979888025176,0.06705782803604572,0.08362962536507236,0.5301556317878894,0.08489844464544101,0.5333775615162064,None,Monday,3,False,False
2023-08-29,0.11185005574165116,0.11185005574165115,0.11185005574165113,0.1118500557416511,0.09294434613606849,0.10743225963727729,0.5482705915932179,0.18350493442741211,0.3071159500428467,None,Tuesday,3,False,False
2023-08-30,0.15984853239565588,0.1598485323956559,0.15984853239565583,0.15984853239565588,0.13282977130240162,0.10798806149910571,0.8106284403697629,0.07984591586976338,0.6258455626703158,None,Wednesday,3,False,False
2023-08-31,0.23710148096580214,0.23710148096580227,0.23710148096580208,0.23710148096580225,0.19702486485264803,0.23756635027292874,0.4319600742706205,0.3294118453246371,0.2774006509062336,None,Thursday,3,False,False
2023-09-01,0.28616918822283294,0.286169188222833,0.2861691882228329,0.286169188222833,0.23779879149185015,0.26085076781703836,0.5216637608609827,0.19809590149305423,0.5883558967482836,None,Friday,3,False,False
2023-09-02,0.28132056695669605,0.28132056695669616,0.28132056695669605,0.28132056695669616,0.23376971944307587,0.21060869798221316,0.754858517144669,0.2343130740635887,0.40149599574210604,None,Saturday,3,False,True
2023-09-03,0.13869663940472496,0.13869663940472507,0.138696639404725,0.138696639404725,0.11525312504553187,0.16466830438382757,0.352707391096424,0.3214699415546649,0.1781282080006495,None,Sunday,3,False,True
2023-09-04,0.09458633958452681,0.0945863395845268,0.0945863395845268,0.0945863395845268,0.07859866879632005,0.09633469772346398,0.5244474068272273,0.20950324634784565,0.23257990868697714,None,Monday,3,False,False
2023-09-05,0.07421340786316925,0.07421340786316931,0.07421340786316927,0.07421340786316924,0.06166931811195362,0.08836533007846081,0.459717489606212,0.05614889333439986,0.6741351078762756,None,Tuesday,3,False,False
2023-09-06,0.14263552345060898,0.14263552345060895,0.14263552345060893,0.142635523450609,0.11852623027308837,0.18388957605003586,0.27501323483323725,0.21700059665455054,0.3884036846308189,None,Wednesday,3,False,False
2023-09-07,0.18877475555553339,0.1887747555555334,0.18877475555553339,0.1887747555555334,0.1568666739213035,0.27534185000805017,0.08613416716419982,0.2823862628595904,0.4169726096425174,None,Thursday,3,False,False
2023-09-08,0.28295073868716764,0.2829507386871677,0.28295073868716764,0.28295073868716775,0.2351243476958159,0.23694473059881851,0.6230033873180408,0.1468432293162037,0.7009859076895447,None,Friday,3,False,False
2023-09-09,0.37424536509276,0.37424536509276,0.37424536509275996,0.3742453650927601,0.31098769260646697,0.34943647971190533,0.4703020529998589,0.45735665035323486,0.2599530601135817,None,Saturday,3,False,True
2023-09-10,0.20933816483310722,0.20933816483310724,0.20933816483310713,0.20933816483310722,0.1739543062605044,0.1949358843602166,0.5222165203285922,0.20941757165114389,0.4271533838203518,None,Sunday,3,False,True
2023-09-11,0.0776289944780454,0.07762899447804546,0.07762899447804539,0.07762899447804543,0.06450757744482362,0.07901900879201303,0.5441885253338533,0.11942249536752532,0.40353254676634553,None,Monday,3,False,False
2023-09-12,0.08950077465284592,0.08950077465284598,0.08950077465284591,0.08950077465284599,0.074372703023005,0.10709618418076554,0.4263204493802563,0.13778509547716583,0.4201871619715347,None,Tuesday,3,False,False
2023-09-13,0.1359525847841706,0.13595258478417072,0.13595258478417058,0.13595258478417063,0.11297289048706033,0.15329197748738646,0.4000573242863411,0.1690280483189649,0.44095686868648815,None,Wednesday,3,False,False
2023-09-14,0.1892343827645986,0.1892343827645987,0.18923438276459859,0.1892343827645987,0.15724861159786208,0.1393833471108897,0.7508147304679449,0.43064951511251776,0.029482872802405666,None,Thursday,3,False,False
2023-09-15,0.3234291751238225,0.32342917512382263,0.32342917512382247,0.3234291751238226,0.268760824515329,0.25224885001266734,0.7100074914564227,0.4874005460283162,0.11567238936198514,None,Friday,3,False,False
2023-09-16,0.32581380531369813,0.3258138053136982,0.3258138053136981,0.3258138053136983,0.2707423871735207,0.31101514587197737,0.45407582332438773,0.45633709617139934,0.21503834972003166,None,Saturday,3,False,True
2023-09-17,0.13043376038759244,0.1304337603875925,0.13043376038759247,0.13043376038759244,0.1083868979135338,0.16000871111085593,0.33712682749386785,0.10053058932761003,0.6865579571362455,None,Sunday,3,False,True
2023-09-18,0.09683801371986121,0.09683801371986131,0.0968380137198612,0.09683801371986127,0.08046974859894032,0.07186335892253563,0.7140374448527648,0.07618103243433326,0.5327665493732228,None,Monday,3,False,False
2023-09-19,0.07773164556074133,0.0777316455607414,0.07773164556074134,0.07773164556074137,0.0645928776952175,0.09604447475671005,0.42985496699529596,0.10404022068078479,0.4981018723345483,None,Tuesday,3,False,False
2023-09-20,0.11997232855593608,0.11997232855593615,0.11997232855593606,0.11997232855593605,0.09969373334787437,0.1026543937471979,0.6256602974037468,0.1451222978273655,0.38921213774553115,None,Wednesday,3,False,False
2023-09-21,0.18613045617501958,0.18613045617501964,0.18613045617501955,0.18613045617501958,0.1546693332469497,0.15700557469452966,0.6253377635135606,0.15395113908531288,0.49137013013258235,None,Thursday,3,False,False
2023-09-22,0.27897061724819106,0.27897061724819106,0.278970617248191,0.27897061724819106,0.2318169753191558,0.21952006351156172,0.6962806946955529,0.3201763643920221,0.2637527227924884,None,Friday,3,False,False
2023-09-23,0.3574132839325437,0.3574132839325436,0.3574132839325437,0.3574132839325437,0.29700069217833064,0.30181455314286987,0.6066896705471595,0.32645853812101255,0.378882603390372,None,Saturday,3,False,True
2023-09-24,0.15642657056343556,0.15642657056343565,0.1564265705634356,0.1564265705634356,0.12998621433777274,0.18868430795451674,0.31489036600327963,0.15440356419033255,0.5629630391456534,None,Sunday,3,False,True
2023-09-25,0.07441128429277784,0.07441128429277791,0.07441128429277787,0.07441128429277782,0.06183374802880757,0.09304257254512159,0.43013933465860027,0.07978292873792335,0.5816135531455986,None,Monday,3,False,False
2023-09-26,0.0867315309545328,0.08673153095453283,0.08673153095453279,0.08673153095453279,0.07207153702782977,0.12775309871638463,0.28999415846501203,0.2683875988110846,0.1927862411911517,None,Tuesday,3,False,False
2023-09-27,0.16301635253084623,0.1630163525308463,0.1630163525308462,0.16301635253084631,0.13546214344732044,0.1958376604614659,0.31025190256507246,0.12386648030647575,0.6869345629158078,None,Wednesday,3,False,False
2023-09-28,0.1419166624278194,0.14191666242781947,0.1419166624278194,0.1419166624278194,0.11792887636671025,0.09823017165042186,0.7812670830369723,0.11829879676940115,0.4565639365028305,None,Thursday,3,False,False
2023-09-29,0.2870591046412702,0.28705910464127027,0.28705910464127027,0.28705910464127027,0.23853828776727848,0.2832960124896094,0.426627381177717,0.2563284444994094,0.4846360081753897,None,Friday,3,False,False
2023-09-30,0.33586938535513877,0.33586938535513877,0.33586938535513866,0.33586938535513877,0.2790982999692133,0.2667550887623542,0.6874157250728379,0.26267838130565474,0.44212044158929054,None,Saturday,3,False,True
2023-10-01,0.36578663946798756,0.36578663946798773,0.3657866394679876,0.3657866394679877,0.30395872228431703,0.34592911054871306,0.45531450532961326,0.34280965926782875,0.41657704946108987,None,Sunday,4,True,True
2023-10-02,0.26716552234826413,0.26716552234826424,0.26716552234826413,0.2671655223482642,0.22200726338586652,0.3116464949151923,0.2422568128834039,0.4489824605771079,0.223891333738728,None,Monday,4,True,False
2023-10-03,0.31521188808561507,0.315211888085615,0.315211888085615,0.315211888085615,0.2619324830745104,0.2815837346618362,0.5398817714413405,0.2980111370301839,0.3976198018508656,None,Tuesday,4,True,False
2023-10-04,0.3612845844089061,0.3612845844089062,0.36128458440890604,0.3612845844089062,0.30021763730263934,0.3140582917906064,0.5678425506953824,0.3589405106493806,0.34452895105913883,None,Wednesday,4,True,False
2023-10-05,0.39970754017456944,0.3997075401745695,0.3997075401745694,0.3997075401745695,0.3321460657381453,0.35240011784022407,0.5438341814771039,0.44422886304990544,0.27907675644333346,None,Thursday,4,True,False
2023-10-06,0.5836186398711979,0.583618639871198,0.583618639871198,0.5836186398711979,0.48497117427408226,0.6182184454230812,0.24345690950148016,0.4593124543856162,0.5786508943763039,None,Friday,4,True,False
2023-10-07,0.6563692476316083,0.6563692476316084,0.6563692476316083,0.6563692476316085,0.5454249453916497,0.566939409481527,0.5533568188903183,0.42629474732305533,0.5717171900376194,None,Saturday,4,True,True
2023-10-08,0.41751563907186096,0.4175156390718609,0.41751563907186084,0.41751563907186096,0.34694411028948874,0.3354288472979993,0.6733445648866395,0.5518082779644508,0.15036967188098438,None,Sunday,4,True,True
2023-10-09,0.22110048456637554,0.2211004845663756,0.22110048456637546,0.2211004845663756,0.18372847319679225,0.2271457004420152,0.413985353014914,0.2357434829272657,0.4289682265048806,None,Monday,4,True,False
2023-10-10,0.30827981202439947,0.3082798120243994,0.3082798120243994,0.3082798120243994,0.2561721169074755,0.30935268403356414,0.39801654451770335,0.29246431686584906,0.4529451168093184,None,Tuesday,4,True,False
2023-10-11,0.3348659637633431,0.3348659637633431,0.33486596376334304,0.33486596376334316,0.27826448399004494,0.32865937318749144,0.416089856642228,0.4756961510345691,0.2151652804880428,None,Wednesday,4,True,False
2023-10-12,0.3942647888486776,0.39426478884867766,0.39426478884867755,0.39426478884867755,0.3276232878118232,0.4167188216549364,0.29897760148137303,0.5088292080589574,0.27944974889166363,None,Thursday,4,True,False
2023-10-13,0.6122628523493292,0.6122628523493293,0.6122628523493291,0.6122628523493293,0.5087737337069705,0.5974204053075548,0.3626289127055127,0.32942058010351905,0.8178929252032402,None,Friday,4,True,False
2023-10-14,0.6573596199786265,0.6573596199786266,0.6573596199786265,0.6573596199786267,0.5462479178042647,0.5716585550989918,0.5420922711382811,0.6460015998890895,0.29698603689370584,None,Saturday,4,True,True
2023-10-15,0.384564281141851,0.38456428114185104,0.3845642811418509,0.38456428114185104,0.31956243044326355,0.37162672550150727,0.42176693507630736,0.34897613719067255,0.4432817380612879,None,Sunday,4,True,True
2023-10-16,0.33252578486041456,0.33252578486041456,0.3325257848604145,0.33252578486041456,0.2763198591391061,0.30626826696645437,0.4976477396465453,0.227436201523042,0.5965754990060051,None,Monday,4,True,False
2023-10-17,0.2707676939067084,0.27076769390670846,0.27076769390670835,0.27076769390670846,0.22500056971861312,0.2507372287669887,0.5073107107973003,0.15907227106990404,0.6893231316245837,None,Tuesday,4,True,False
2023-10-18,0.33925016683079606,0.3392501668307962,0.339250166830796,0.3392501668307961,0.28190763718053924,0.24712102395667207,0.7996198473996199,0.20917220443264128,0.5306893132601201,None,Wednesday,4,True,False
2023-10-19,0.4078132758856568,0.4078132758856568,0.4078132758856567,0.40781327588565686,0.3388817110681659,0.3419787307788081,0.6129089046795613,0.26358544244105037,0.570204562117846,None,Thursday,4,True,False
2023-10-20,0.5930969198104304,0.5930969198104306,0.5930969198104303,0.5930969198104306,0.4928473664279904,0.6186624873228908,0.26439928003409024,0.6707845212241802,0.3165674780013561,None,Friday,4,True,False
2023-10-21,0.6219499094806449,0.6219499094806449,0.6219499094806449,0.6219499094806449,0.5168234140140819,0.5555142693477552,0.5010695693436316,0.45038594130536147,0.5176947936421036,None,Saturday,4,True,True
2023-10-22,0.3667220676628481,0.36672206766284804,0.366722067662848,0.3667220676628481,0.30473603760483303,0.389916115989788,0.3015630229813494,0.34233467349508856,0.4818099391276819,None,Sunday,4,True,True
2023-10-23,0.2759521811330821,0.27595218113308223,0.2759521811330822,0.2759521811330822,0.2293087372211767,0.2355029959249998,0.6014190963051426,0.18065104474573165,0.5863546664309409,None,Monday,4,True,False
2023-10-24,0.3179975017299843,0.31799750172998437,0.3179975017299843,0.31799750172998437,0.26424725204844485,0.27380299857926066,0.5855001073292128,0.28229280222403885,0.41460427719151255,None,Tuesday,4,True,False
2023-10-25,0.3039489306165684,0.30394893061656864,0.3039489306165684,0.3039489306165685,0.25257327256202905,0.26308447184730027,0.5808227074643453,0.253101418257513,0.456067048898442,None,Wednesday,4,True,False
2023-10-26,0.43913563289518925,0.4391356328951893,0.4391356328951892,0.4391356328951893,0.3649097355728278,0.4551881497371004,0.31083429028597337,0.5630887734018004,0.2637537356135613,None,Thursday,4,True,False
2023-10-27,0.612241151647629,0.612241151647629,0.6122411516476289,0.6122411516476292,0.5087557010156425,0.5452435629446786,0.5065881544184981,0.4369049831279786,0.526771962970174,None,Friday,4,True,False
2023-10-28,0.635134071232875,0.6351340712328752,0.6351340712328751,0.6351340712328752,0.5277790928940602,0.5611718424416878,0.5175548741414495,0.42592409093867034,0.5650905131949672,None,Saturday,4,True,True
2023-10-29,0.3430371286779726,0.3430371286779727,0.34303712867797254,0.34303712867797276,0.28505449920393466,0.3080360963888195,0.528055361770167,0.3459656046184615,0.3560915868083372,None,Sunday,4,True,True
2023-10-30,0.24562435861799664,0.2456243586179968,0.24562435861799664,0.24562435861799678,0.20410714376014027,0.23820198220994582,0.463928241505707,0.2318333775223556,0.4582227709642316,None,Monday,4,True,False
2023-10-31,0.27766359646487243,0.2776635964648724,0.2776635964648723,0.2776635964648725,0.23073087669107467,0.2156375153279767,0.7115376665169789,0.29826158530918623,0.29157668914336576,None,Tuesday,4,True,False
2023-11-01,0.3542753159326536,0.35427531593265355,0.3542753159326535,0.35427531593265355,0.2943931263437695,0.33890242075116095,0.443270666439841,0.23359458171633637,0.6410005670041533,None,Wednesday,4,True,False
2023-11-02,0.4363181246244632,0.4363181246244633,0.4363181246244631,0.43631812462446323,0.36256846303416707,0.34990421100615543,0.6761094485633906,0.5109162825557106,0.20339150808618198,None,Thursday,4,True,False
2023-11-03,0.577351669307259,0.5773516693072589,0.5773516693072589,0.577351669307259,0.47976349263765383,0.4698266335740708,0.6536078013704524,0.43425285967595106,0.4373536377164535,None,Friday,4,True,False
2023-11-04,0.6847072284891977,0.6847072284891978,0.6847072284891977,0.6847072284891981,0.5689730346988977,0.6363389296696412,0.43099921488465753,0.43919987958691337,0.6353851506604486,None,Saturday,4,True,True
2023-11-05,0.4391411432904876,0.43914114329048765,0.4391411432904876,0.43914114329048765,0.36491431456105056,0.4105252728044804,0.455436915715575,0.4379470262747526,0.3585945089431035,None,Sunday,4,True,True
2023-11-06,0.30040983232437246,0.30040983232437257,0.30040983232437246,0.30040983232437246,0.24963237839350752,0.2240362072914054,0.7627731775441687,0.27396216267911955,0.34705080778003233,None,Monday,4,True,False
2023-11-07,0.27946300140355756,0.2794630014035576,0.2794630014035575,0.2794630014035576,0.23222613312479878,0.2669235345777115,0.46826160742760004,0.3997765315094479,0.22444867716468136,None,Tuesday,4,True,False
2023-11-08,0.3292918514116245,0.32929185141162454,0.3292918514116244,0.32929185141162465,0.2736325486335162,0.3400427435140032,0.35396742619701893,0.4073608138837174,0.31049991702652757,None,Wednesday,4,True,False
2023-11-09,0.42763398170264183,0.42763398170264183,0.4276339817026418,0.4276339817026419,0.35535217708536815,0.3744971870621638,0.5499051590138883,0.2519039390719917,0.6564487648753633,None,Thursday,4,True,False
2023-11-10,0.521189405102943,0.521189405102943,0.5211894051029428,0.521189405102943,0.4330941826459964,0.42019099749598043,0.668590298715116,0.42191920924052106,0.3931422193233428,None,Friday,4,True,False
2023-11-11,0.6314163264888526,0.6314163264888528,0.6314163264888527,0.6314163264888529,0.5246897483958143,0.5243110335460746,0.6196194678047287,0.6412446749287076,0.2575361894481429,None,Saturday,4,True,True
2023-11-12,0.3737109598998809,0.3737109598998809,0.37371095989988096,0.373710959899881,0.31054361646457757,0.331482686870207,0.5391834919372571,0.2877695763127705,0.498560994395389,None,Sunday,4,True,True
2023-11-13,0.26662479719734145,0.2666247971973415,0.26662479719734145,0.2666247971973415,0.2215579355311901,0.17478147268792812,0.9013344855389279,0.2369939738126695,0.3299078055404146,None,Monday,4,True,False
2023-11-14,0.2760581830091015,0.2760581830091015,0.2760581830091014,0.27605818300910145,0.22939682188944518,0.2763853806652381,0.4142508612326773,0.3253973283215846,0.34218351068617675,None,Tuesday,4,True,False
2023-11-15,0.33889441875134935,0.3388944187513494,0.3388944187513493,0.33889441875134935,0.281612020227878,0.2663747081809074,0.7009778516364445,0.18549422847721997,0.6370500292520419,None,Wednesday,4,True,False
2023-11-16,0.4075023408359933,0.40750234083599346,0.40750234083599335,0.4075023408359934,0.3386233325211894,0.4039546646558351,0.3811479905779264,0.34605122702612195,0.4954219334836257,None,Thursday,4,True,False
2023-11-17,0.5409899753728209,0.5409899753728211,0.5409899753728209,0.5409899753728209,0.44954791657265525,0.4518186335150104,0.6129918265807058,0.4076978099171886,0.4553560398824419,None,Friday,4,True,False
2023-11-18,0.5613326277121247,0.5613326277121247,0.5613326277121246,0.5613326277121248,0.46645210591626296,0.4283187404778413,0.7576994128717163,0.2734926521545091,0.6930652614111841,None,Saturday,4,True,True
2023-11-19,0.3397342256874854,0.33973422568748546,0.3397342256874854,0.33973422568748557,0.282309876890015,0.32393611468888117,0.45150298902397806,0.2968685660184554,0.4677331443697711,None,Sunday,4,True,True
2023-11-20,0.26793903942157365,0.2679390394215737,0.2679390394215737,0.26793903942157365,0.22265003497973948,0.2257772984805795,0.6170443352111087,0.13330989019143644,0.7250482637644091,None,Monday,4,True,False
2023-11-21,0.2869369261236862,0.2869369261236862,0.28693692612368615,0.2869369261236862,0.23843676075101172,0.2928819577631033,0.3865368402955911,0.43259222019739824,0.21924538053762177,None,Tuesday,4,True,False
2023-11-22,0.33570080171683503,0.33570080171683514,0.3357008017168349,0.33570080171683514,0.27895821156311035,0.3066220255899605,0.5076052478207086,0.19440782573448367,0.6928683123600309,None,Wednesday,4,True,False
2023-11-23,0.4094978111651812,0.40949781116518136,0.40949781116518114,0.40949781116518125,0.34028151394765815,0.3595689341592732,0.5482553905824223,0.35086527175326443,0.4226240678303394,None,Thursday,4,True,False
2023-11-24,0.900363966330798,0.900363966330798,0.9003639663307977,0.900363966330798,0.9044675074530972,0.6392943973600046,0.9126684423195853,0.6595841050255186,0.34585569985964965,Black Friday,Friday,4,True,False
2023-11-25,0.8901502948407324,0.8901502948407326,0.8901502948407324,0.8901502948407327,0.8946744892089075,0.7142153431811152,0.6780581904775045,0.5650836167842231,0.5268302790824829,Black Friday,Saturday,4,True,True
2023-11-26,0.6474613699659043,0.6474613699659043,0.6474613699659042,0.6474613699659043,0.6619807833976649,0.5421641429519043,0.6052382690250988,0.5469135609522252,0.3714592909505333,Black Friday,Sunday,4,True,True
2023-11-27,0.4546333383888804,0.45463333838888054,0.4546333383888805,0.4546333383888805,0.47709443444256716,0.36165554125025356,0.6882704041783664,0.2879759653606176,0.5475115240621009,Black Friday,Monday,4,True,False
2023-11-28,0.4969963369268574,0.4969963369268575,0.49699633692685746,0.4969963369268574,0.517712699673098,0.3972849353430415,0.6816204190821202,0.29068170398107973,0.599563328458658,Cyber Monday,Tuesday,4,True,False
2023-11-29,0.6268433855219067,0.6268433855219065,0.6268433855219063,0.6268433855219065,0.6422119570735676,0.5218514862689159,0.6154882980974086,0.505495389073869,0.4001365256493182,Cyber Monday,Wednesday,4,True,False
2023-11-30,0.6614276680748584,0.6614276680748584,0.6614276680748583,0.6614276680748584,0.6753718751630319,0.5224539117825322,0.7037455771690952,0.5913130479595721,0.3031672657922855,Cyber Monday,Thursday,4,True,False
2023-12-01,0.8530679932740466,0.8530679932740468,0.8530679932740468,0.8530679932740468,0.8591194337979008,0.777373157343856,0.4506110396172713,0.6983032960574207,0.42936423667845564,Semi-Annual Sale,Friday,4,True,False
2023-12-02,1.0,1.0,1.0,1.0,1.0,0.8621873060154941,0.5430832201125535,0.7668699175835335,0.4320042906334996,Semi-Annual Sale,Saturday,4,True,True
2023-12-03,0.5051449074209496,0.5051449074209495,0.5051449074209494,0.5051449074209498,0.5255256687499209,0.4173378498103023,0.6309220626461641,0.3426320382886868,0.5213973855937766,Semi-Annual Sale,Sunday,4,True,True
2023-12-04,0.5139603492628677,0.5139603492628679,0.5139603492628677,0.5139603492628678,0.5339780438701183,0.4736832638306856,0.46414878831614287,0.4240043735230806,0.45777756548237414,Semi-Annual Sale,Monday,4,True,False
2023-12-05,0.4866950164907463,0.4866950164907463,0.48669501649074626,0.4866950164907465,0.5078356423320425,0.36901286818944845,0.7624379218005622,0.3659894135622145,0.41085427077318276,Semi-Annual Sale,Tuesday,4,True,False
2023-12-06,0.5778829880785893,0.5778829880785893,0.5778829880785891,0.5778829880785893,0.5952680088692858,0.4834433284996502,0.6090306365182835,0.43515017587176563,0.4529215927274644,Semi-Annual Sale,Wednesday,4,True,False
2023-12-07,0.6324695360520981,0.6324695360520982,0.6324695360520982,0.6324695360520983,0.6476063928394247,0.5500265662836545,0.5435564566266535,0.40645068692008945,0.5852878580037477,Semi-Annual Sale,Thursday,4,True,False
2023-12-08,0.7725687915000826,0.7725687915000827,0.7725687915000825,0.7725687915000828,0.7819356167560152,0.6726878747277837,0.5338857468086087,0.7181603941512014,0.3205990040122382,Semi-Annual Sale,Friday,4,True,False
2023-12-09,0.9948175318798191,0.9948175318798191,0.9948175318798191,0.9948175318798191,0.9950309734457166,1.0,0.2718417978360923,1.0,0.3416694699151042,Semi-Annual Sale,Saturday,4,True,True
2023-12-10,0.5822409567614649,0.5822409567614651,0.5822409567614649,0.5822409567614651,0.5994464932527438,0.44384650481645377,0.7605504264050753,0.4272365390455757,0.41526317433738863,Semi-Annual Sale,Sunday,4,True,True
2023-12-11,0.41140548733793414,0.4114054873379342,0.41140548733793414,0.4114054873379342,0.435646935919554,0.30017727608051276,0.8104911924739764,0.4498767261394072,0.20899439374601503,Semi-Annual Sale,Monday,4,True,False
2023-12-12,0.38890312071793814,0.3889031207179381,0.3889031207179382,0.38890312071793814,0.41407133628709963,0.3336881411130278,0.582467642152019,0.3733859806618626,0.3501555610635342,Semi-Annual Sale,Tuesday,4,True,False
2023-12-13,0.5201739795368339,0.5201739795368339,0.5201739795368336,0.5201739795368339,0.5399357638432725,0.4313107124573797,0.624925823659786,0.3872344230725487,0.4614560280699213,Semi-Annual Sale,Wednesday,4,True,False
2023-12-14,0.40775274311379056,0.4077527431137907,0.40775274311379056,0.40775274311379067,0.33883140998549227,0.425875018982625,0.3102716732765261,0.33185784069812446,0.5552675337730386,None,Thursday,4,True,False
2023-12-15,0.8693115094581437,0.869311509458144,0.8693115094581438,0.869311509458144,0.8746939557017409,0.7709477884140601,0.4971547189164127,0.4919882455698252,0.7006398393360992,Holiday Season,Friday,4,True,False
2023-12-16,0.8540713133798896,0.8540713133798895,0.8540713133798896,0.8540713133798895,0.8600814318522574,0.8655157628606386,0.2714718276888719,0.9009641957502518,0.3218245537989718,Holiday Season,Saturday,4,True,True
2023-12-17,0.5634759764631059,0.563475976463106,0.5634759764631059,0.563475976463106,0.5814543545206107,0.48904001499370187,0.5513489094722225,0.4853566317347698,0.38907624422989945,Holiday Season,Sunday,4,True,True
2023-12-18,0.4456320715742907,0.4456320715742908,0.4456320715742907,0.4456320715742908,0.46846388760915514,0.4599699910139036,0.314822986600909,0.31623328808832774,0.6405210641175213,Holiday Season,Monday,4,True,False
2023-12-19,0.4734519971813927,0.4734519971813928,0.4734519971813928,0.47345199718139286,0.49513804090333,0.37638137340571537,0.6896299056968911,0.33456771192068524,0.476218091367693,Holiday Season,Tuesday,4,True,False
2023-12-20,0.5857712292274108,0.5857712292274109,0.5857712292274107,0.5857712292274109,0.6028313703461177,0.49179804423847245,0.6029976720072794,0.41704021602014624,0.4918842485635048,Holiday Season,Wednesday,4,True,False
2023-12-21,0.6856434003376041,0.6856434003376038,0.685643400337604,0.6856434003376042,0.698590274939855,0.5356998787583959,0.7231507494438482,0.47693303102981904,0.4544007213797935,Holiday Season,Thursday,4,True,False
2023-12-22,0.8727042842373727,0.8727042842373726,0.8727042842373726,0.8727042842373726,0.8779469979935098,0.77322934663372,0.4986483816075885,0.5299483842134803,0.6399767812597816,Holiday Season,Friday,4,True,False
2023-12-23,0.8785337907945133,0.8785337907945133,0.8785337907945133,0.8785337907945135,0.883536414504921,0.6614069890190791,0.7977989842148226,0.6097367623986228,0.41908219591502377,Holiday Season,Saturday,4,True,True
2023-12-24,0.5019973209841595,0.5019973209841595,0.5019973209841594,0.5019973209841595,0.5225077166422355,0.44233993318234455,0.5331159453543148,0.4953869848576768,0.3234446057810392,Holiday Season,Sunday,4,True,True
2023-12-25,0.2826283581422782,0.28262835814227827,0.28262835814227816,0.2826283581422782,0.23485645825442883,0.2833935664368214,0.40958586728241536,0.321961620577706,0.3584928996367685,None,Monday,4,True,False
2023-12-26,0.23431475659145123,0.2343147565914513,0.23431475659145118,0.23431475659145126,0.1947091728923888,0.23308034735290964,0.44128095659770056,0.5250759931935571,0.06337053028259136,None,Tuesday,4,True,False
2023-12-27,0.30657974556456286,0.3065797455645629,0.30657974556456286,0.30657974556456286,0.2547594080406838,0.25425368150333205,0.6331626889391384,0.21009093039454127,0.5423360869779607,None,Wednesday,4,True,False
2023-12-28,0.4449145067027164,0.4449145067027165,0.4449145067027164,0.44491450670271643,0.36971182211522585,0.44470669420627296,0.3598477667759865,0.42614623765476783,0.41795503630743264,None,Thursday,4,True,False
2023-12-29,0.5653393233239122,0.5653393233239122,0.5653393233239121,0.5653393233239121,0.46978156070584315,0.566650446186518,0.3295654788349965,0.38442038601162837,0.6494199237528061,None,Friday,4,True,False
2023-12-30,0.675715761973126,0.675715761973126,0.6757157619731258,0.6757157619731261,0.5615013712240852,0.6105170721807537,0.4778848684021148,0.5582034965931691,0.4290868291423043,None,Saturday,4,True,True
2023-12-31,0.3677695648892009,0.367769564889201,0.3677695648892008,0.3677695648892009,0.30560647923436235,0.42639868383386414,0.1897949926893501,0.43082991040126345,0.3881896479549818,None,Sunday,4,True,True
2024-01-01,0.006469792486337511,0.006469792486337552,0.006469792486337471,0.006469792486337498,0.005376221122925761,0.042536982111866586,0.35436627078070804,0.09410188251741966,0.38312748965463217,None,Monday,1,False,False
2024-01-02,0.0704650241590634,0.07046502415906346,0.07046502415906337,0.07046502415906339,0.05855451347341219,0.06350948758453347,0.6142435446299648,0.1280304594243335,0.339840393487598,None,Tuesday,1,False,False
2024-01-03,0.08957120261010455,0.08957120261010461,0.08957120261010452,0.08957120261010457,0.07443122673489497,0.06356113264531336,0.7342585438821736,0.0627605377982376,0.563053568751784,None,Wednesday,1,False,False
2024-01-04,0.11945155877098056,0.11945155877098057,0.11945155877098051,0.11945155877098054,0.09926098785812772,0.13656737558275642,0.4104857198591536,0.12603506715351265,0.5292674012947762,None,Thursday,1,False,False
2024-01-05,0.20843029509600758,0.20843029509600758,0.20843029509600752,0.20843029509600758,0.17319989126686014,0.170261907880794,0.6544879111833202,0.1546362066561037,0.5198585171207288,None,Friday,1,False,False
2024-01-06,0.26762705822077315,0.2676270582207732,0.2676270582207732,0.26762705822077326,0.22239078710969706,0.265607702597125,0.42815960400237385,0.19003269815664534,0.6216633758122289,None,Saturday,1,False,True
2024-01-07,0.08206647981626844,0.08206647981626856,0.08206647981626847,0.08206647981626847,0.06819500674930402,0.04507717557425508,0.841203099635519,0.11715133539893496,0.32223048433494195,None,Sunday,1,False,True
2024-01-08,0.04760263879966446,0.047602638799664546,0.04760263879966444,0.047602638799664504,0.03955649470399578,0.05354456712222212,0.5441609979245081,0.12311982142785206,0.3278666982620093,None,Monday,1,False,False
2024-01-09,0.029369017054154234,0.029369017054154324,0.029369017054154206,0.029369017054154237,0.024404852269920854,0.04860345596738387,0.4621600575228219,0.0694235179308327,0.48837109371795784,None,Tuesday,1,False,False
2024-01-10,0.08857558555486271,0.08857558555486275,0.08857558555486268,0.08857558555486274,0.07360389611277074,0.10695253733317296,0.42207354534139263,0.13722458216666628,0.42144045766061455,None,Wednesday,1,False,False
2024-01-11,0.16530054732268337,0.16530054732268348,0.16530054732268337,0.16530054732268343,0.13736024702864622,0.11559158803661351,0.7861857654918973,0.12173251698647655,0.4901853342743384,None,Thursday,1,False,False
2024-01-12,0.19918153051230872,0.19918153051230875,0.19918153051230866,0.19918153051230872,0.1655144201144465,0.1844426670176866,0.531838587924899,0.16658469352476934,0.5166272168348492,None,Friday,1,False,False
2024-01-13,0.20956224634713588,0.20956224634713594,0.20956224634713588,0.2095622463471359,0.1741405118878908,0.2049060488230856,0.47212355351866775,0.3701416941219228,0.17607973157902337,None,Saturday,1,False,True
2024-01-14,0.08610167047233093,0.08610167047233097,0.08610167047233086,0.08610167047233094,0.07154814014360808,0.07626527088666787,0.6152487549963095,0.13493135341913104,0.3529711095308718,None,Sunday,1,False,True
2024-01-15,0.04484717154127149,0.04484717154127158,0.044847171541271505,0.04484717154127156,0.03726677655470647,0.08339374541568333,0.31890101777714347,0.2097960808575442,0.20655292074821233,None,Monday,1,False,False
2024-01-16,0.042127695982478834,0.042127695982478855,0.042127695982478834,0.04212769598247883,0.03500696652628036,0.03254138206234626,0.6785229621053293,0.01886695934460312,0.6763594857961959,None,Tuesday,1,False,False
2024-01-17,0.068927945206512,0.0689279452065121,0.06892794520651202,0.06892794520651203,0.057277242780455324,0.05346150086037418,0.6835200808558626,0.09247084843427249,0.41932834032222815,None,Wednesday,1,False,False
2024-01-18,0.11433844305999705,0.1143384430599972,0.11433844305999707,0.11433844305999709,0.09501212813853036,0.09418147549573586,0.652663067481871,0.09580233961788258,0.5224178926136024,None,Thursday,1,False,False
2024-01-19,0.15717892821439186,0.15717892821439194,0.1571789282143918,0.15717892821439183,0.13061140302869406,0.11495986277815651,0.7464710603178702,0.08344160930894963,0.631019400871336,None,Friday,1,False,False
2024-01-20,0.22069218570739663,0.2206921857073967,0.22069218570739657,0.22069218570739663,0.1833891879794156,0.19449585713141618,0.575472407930137,0.18070582734283933,0.4987966096303979,None,Saturday,1,False,True
2024-01-21,0.08332881403338505,0.0833288140333851,0.08332881403338503,0.08332881403338506,0.06924397205948758,0.10167549788629743,0.42577517535755294,0.17004615956035252,0.324851545622666,None,Sunday,1,False,True
2024-01-22,0.01763663354946323,0.017636633549463283,0.017636633549463186,0.017636633549463234,0.014655561523210646,0.010738437906369374,0.6984007740956292,0.03563616071425959,0.506193705688328,None,Monday,1,False,False
2024-01-23,0.03140927951938909,0.031409279519389155,0.03140927951938912,0.031409279519389134,0.026100254739949324,0.028889245991888437,0.6349480987489833,0.2908090461030565,0.0,None,Tuesday,1,False,False
2024-01-24,0.1011026348312234,0.10110263483122349,0.10110263483122338,0.10110263483122343,0.08401353244495971,0.1514209134913148,0.23758201959895042,0.19589974543269711,0.3709894026033652,None,Wednesday,1,False,False
2024-01-25,0.09348945076297543,0.09348945076297549,0.09348945076297539,0.09348945076297543,0.07768718409810464,0.130891097593341,0.307996872637024,0.1026136864646201,0.5982995683249108,None,Thursday,1,False,False
2024-01-26,0.1860243390098726,0.1860243390098726,0.18602433900987256,0.18602433900987259,0.15458115277656015,0.16682461796192652,0.567672012979236,0.18939777190599882,0.41807304032423065,None,Friday,1,False,False
2024-01-27,0.2515859113181573,0.2515859113181574,0.2515859113181573,0.2515859113181573,0.20906103148060753,0.23054094723595422,0.5250018121654421,0.35319031812724255,0.23361981176164,None,Saturday,1,False,True
2024-01-28,0.09805059970288935,0.09805059970288932,0.09805059970288933,0.09805059970288932,0.0814773744832459,0.11335232001232032,0.43472252427330776,0.25195087578248754,0.19279329579947954,None,Sunday,1,False,True
2024-01-29,0.01078847838017391,0.010788478380173987,0.010788478380173891,0.010788478380173914,0.008964931328818065,0.0,0.7503031605059127,0.01829116143872441,0.5519494205609246,None,Monday,1,False,False
2024-01-30,0.03180486575951481,0.031804865759514904,0.0318048657595148,0.03180486575951484,0.02642897611773598,0.05135692685130997,0.45758573498405997,0.10389312251021697,0.37707867600243916,None,Tuesday,1,False,False
2024-01-31,0.11967480080113109,0.11967480080113109,0.11967480080113105,0.11967480080113109,0.09944649589730435,0.11021480832528824,0.5732781427198991,0.11778208224355377,0.48924789724689544,None,Wednesday,1,False,False
2024-02-01,0.1408203322425146,0.14082033224251464,0.14082033224251458,0.1408203322425146,0.11701785587998159,0.13158893336484273,0.5506289437072993,0.17171741162446041,0.3864191244540663,None,Thursday,1,False,False
2024-02-02,0.19308423355022974,0.19308423355022977,0.1930842335502297,0.1930842335502297,0.16044773261411263,0.18488340871563994,0.5015176869540776,0.204161653199828,0.4195202788953272,None,Friday,1,False,False
2024-02-03,0.2586071286862361,0.25860712868623603,0.258607128686236,0.25860712868623603,0.21489547164273504,0.2373675011905664,0.5210658276491988,0.20040953383722174,0.534403255019075,None,Saturday,1,False,True
